# opp_gamma, obs_gamma, live_gamma, liveness_thresh, goal_reach_idx0, goal_reach_idx1, traj_collision, obs_collision_0, obs_collision_1, delta_vel_0, delta_vel_1, path_dev_0, path_dev_1
0.6000, 0.5000, 0.4000, 0.9500, 61.0000, 71.0000, 0.0000, 0.0000, 1.0000, 0.0091, 0.0159, 0.7649, 1.6929
0.2000, 0.2000, 0.1000, 0.5000, 62.0000, -1.0000, 0.0000, 0.0000, 1.0000, 0.0114, 0.0099, 0.7486, 20.6420
0.6000, 0.5000, 0.4000, 0.9500, 61.0000, 71.0000, 0.0000, 0.0000, 1.0000, 0.0091, 0.0159, 0.7649, 1.6929
0.2000, 0.2000, 0.1000, 0.5000, 62.0000, -1.0000, 0.0000, 0.0000, 1.0000, 0.0114, 0.0099, 0.7486, 20.6420
0.6000, 0.5000, 0.4000, 0.9500, 61.0000, 71.0000, 0.0000, 0.0000, 1.0000, 0.0091, 0.0159, 0.7649, 1.6929
0.2000, 0.2000, 0.1000, 0.5000, 62.0000, -1.0000, 0.0000, 0.0000, 1.0000, 0.0114, 0.0099, 0.7486, 20.6420
0.6000, 0.5000, 0.4000, 0.9500, 61.0000, 71.0000, 0.0000, 0.0000, 1.0000, 0.0091, 0.0159, 0.7649, 1.6929
0.6000, 0.5000, 0.4000, 0.9500, 61.0000, 71.0000, 0.0000, 0.0000, 1.0000, 0.0091, 0.0159, 0.7649, 1.6929
0.2000, 0.2000, 0.1000, 0.5000, 62.0000, -1.0000, 0.0000, 0.0000, 1.0000, 0.0114, 0.0099, 0.7486, 20.6420
0.6000, 0.5000, 0.4000, 0.9500, 61.0000, 71.0000, 0.0000, 0.0000, 1.0000, 0.0091, 0.0159, 0.7649, 1.6929
0.2000, 0.2000, 0.1000, 0.5000, 62.0000, -1.0000, 0.0000, 0.0000, 1.0000, 0.0114, 0.0099, 0.7486, 20.6420
0.6000, 0.5000, 0.4000, 0.9500, 61.0000, 71.0000, 0.0000, 0.0000, 1.0000, 0.0091, 0.0159, 0.7649, 1.6929
0.6000, 0.5000, 0.4000, 0.9500, 61.0000, 71.0000, 0.0000, 0.0000, 1.0000, 0.0091, 0.0159, 0.7649, 1.6929
0.2000, 0.2000, 0.1000, 0.5000, 62.0000, -1.0000, 0.0000, 0.0000, 1.0000, 0.0114, 0.0099, 0.7486, 20.6420
0.6000, 0.5000, 0.4000, 0.9500, 61.0000, 71.0000, 0.0000, 0.0000, 1.0000, 0.0091, 0.0159, 0.7649, 1.6929
0.2000, 0.2000, 0.1000, 0.5000, 62.0000, -1.0000, 0.0000, 0.0000, 1.0000, 0.0114, 0.0099, 0.7486, 20.6420
0.6000, 0.5000, 0.4000, 0.9500, 61.0000, 71.0000, 0.0000, 0.0000, 1.0000, 0.0091, 0.0159, 0.7649, 1.6929
0.2000, 0.2000, 0.1000, 0.5000, 62.0000, -1.0000, 0.0000, 0.0000, 1.0000, 0.0114, 0.0099, 0.7486, 20.6420
0.6000, 0.5000, 0.4000, 0.9500, 61.0000, 71.0000, 0.0000, 0.0000, 1.0000, 0.0091, 0.0159, 0.7649, 1.6929
0.6000, 0.5000, 0.4000, 0.9500, 61.0000, 71.0000, 0.0000, 0.0000, 1.0000, 0.0091, 0.0159, 0.7649, 1.6929
0.2000, 0.2000, 0.1000, 0.5000, 62.0000, -1.0000, 0.0000, 0.0000, 1.0000, 0.0114, 0.0099, 0.7486, 20.6420
0.6000, 0.5000, 0.4000, 0.9500, 61.0000, 71.0000, 0.0000, 0.0000, 1.0000, 0.0091, 0.0159, 0.7649, 1.6929
0.2000, 0.2000, 0.1000, 0.5000, 62.0000, -1.0000, 0.0000, 0.0000, 1.0000, 0.0114, 0.0099, 0.7486, 20.6420
0.6000, 0.5000, 0.4000, 0.9500, 61.0000, 71.0000, 0.0000, 0.0000, 1.0000, 0.0091, 0.0159, 0.7649, 1.6929
0.6000, 0.5000, 0.4000, 0.9500, 61.0000, 71.0000, 0.0000, 0.0000, 1.0000, 0.0091, 0.0159, 0.7649, 1.6929
0.2000, 0.2000, 0.1000, 0.5000, 62.0000, -1.0000, 0.0000, 0.0000, 1.0000, 0.0114, 0.0099, 0.7486, 20.6420
0.6000, 0.5000, 0.4000, 0.9500, 61.0000, 71.0000, 0.0000, 0.0000, 1.0000, 0.0091, 0.0159, 0.7649, 1.6929
0.2000, 0.2000, 0.1000, 0.5000, 62.0000, -1.0000, 0.0000, 0.0000, 1.0000, 0.0114, 0.0099, 0.7486, 20.6420
0.6000, 0.5000, 0.4000, 0.9500, 61.0000, 71.0000, 0.0000, 0.0000, 1.0000, 0.0091, 0.0159, 0.7649, 1.6929
0.2000, 0.2000, 0.1000, 0.5000, 62.0000, -1.0000, 0.0000, 0.0000, 1.0000, 0.0114, 0.0099, 0.7486, 20.6420
0.6000, 0.5000, 0.4000, 0.9500, 61.0000, 71.0000, 0.0000, 0.0000, 1.0000, 0.0091, 0.0159, 0.7649, 1.6929
0.6000, 0.5000, 0.4000, 0.9500, 61.0000, 71.0000, 0.0000, 0.0000, 1.0000, 0.0091, 0.0159, 0.7649, 1.6929
0.2000, 0.2000, 0.1000, 0.5000, 62.0000, -1.0000, 0.0000, 0.0000, 1.0000, 0.0114, 0.0099, 0.7486, 20.6420
0.6000, 0.5000, 0.4000, 0.9500, 61.0000, 71.0000, 0.0000, 0.0000, 1.0000, 0.0091, 0.0159, 0.7649, 1.6929
0.2000, 0.2000, 0.1000, 0.5000, 62.0000, -1.0000, 0.0000, 0.0000, 1.0000, 0.0114, 0.0099, 0.7486, 20.6420
0.6000, 0.5000, 0.4000, 0.9500, 61.0000, 71.0000, 0.0000, 0.0000, 1.0000, 0.0091, 0.0159, 0.7649, 1.6929
0.6000, 0.5000, 0.4000, 0.9500, 61.0000, 71.0000, 0.0000, 0.0000, 1.0000, 0.0091, 0.0159, 0.7649, 1.6929
0.2000, 0.2000, 0.1000, 0.5000, 62.0000, -1.0000, 0.0000, 0.0000, 1.0000, 0.0114, 0.0099, 0.7486, 20.6420
0.6000, 0.5000, 0.4000, 0.9500, 61.0000, 71.0000, 0.0000, 0.0000, 1.0000, 0.0091, 0.0159, 0.7649, 1.6929
0.2000, 0.2000, 0.1000, 0.5000, 62.0000, -1.0000, 0.0000, 0.0000, 1.0000, 0.0114, 0.0099, 0.7486, 20.6420
0.6000, 0.5000, 0.4000, 0.9500, 61.0000, 71.0000, 0.0000, 0.0000, 1.0000, 0.0091, 0.0159, 0.7649, 1.6929
0.2000, 0.2000, 0.1000, 0.5000, 62.0000, -1.0000, 0.0000, 0.0000, 1.0000, 0.0114, 0.0099, 0.7486, 20.6420
0.6000, 0.5000, 0.4000, 0.9500, 61.0000, 71.0000, 0.0000, 0.0000, 1.0000, 0.0091, 0.0159, 0.7649, 1.6929
0.6000, 0.5000, 0.4000, 0.9500, 61.0000, 71.0000, 0.0000, 0.0000, 1.0000, 0.0091, 0.0159, 0.7649, 1.6929
0.2000, 0.2000, 0.1000, 0.5000, 62.0000, -1.0000, 0.0000, 0.0000, 1.0000, 0.0114, 0.0099, 0.7486, 20.6420
0.6000, 0.5000, 0.4000, 0.9500, 61.0000, 71.0000, 0.0000, 0.0000, 1.0000, 0.0091, 0.0159, 0.7649, 1.6929
0.2000, 0.2000, 0.1000, 0.5000, 62.0000, -1.0000, 0.0000, 0.0000, 1.0000, 0.0114, 0.0099, 0.7486, 20.6420
0.6000, 0.5000, 0.4000, 0.9500, 61.0000, 71.0000, 0.0000, 0.0000, 1.0000, 0.0091, 0.0159, 0.7649, 1.6929
0.2000, 0.2000, 0.1000, 0.5000, 62.0000, -1.0000, 0.0000, 0.0000, 1.0000, 0.0114, 0.0099, 0.7486, 20.6420
0.6000, 0.5000, 0.4000, 0.9500, 61.0000, 71.0000, 0.0000, 0.0000, 1.0000, 0.0091, 0.0159, 0.7649, 1.6929
0.6000, 0.5000, 0.4000, 0.9500, 61.0000, 71.0000, 0.0000, 0.0000, 1.0000, 0.0091, 0.0159, 0.7649, 1.6929
0.2000, 0.2000, 0.1000, 0.5000, 62.0000, -1.0000, 0.0000, 0.0000, 1.0000, 0.0114, 0.0099, 0.7486, 20.6420
0.6000, 0.5000, 0.4000, 0.9500, 61.0000, 71.0000, 0.0000, 0.0000, 1.0000, 0.0091, 0.0159, 0.7649, 1.6929
0.2000, 0.2000, 0.1000, 0.5000, 62.0000, -1.0000, 0.0000, 0.0000, 1.0000, 0.0114, 0.0099, 0.7486, 20.6420
0.6000, 0.5000, 0.4000, 0.9500, 61.0000, 71.0000, 0.0000, 0.0000, 1.0000, 0.0091, 0.0159, 0.7649, 1.6929
0.6000, 0.5000, 0.4000, 0.9500, 61.0000, 71.0000, 0.0000, 0.0000, 1.0000, 0.0091, 0.0159, 0.7649, 1.6929
0.2000, 0.2000, 0.1000, 0.5000, 62.0000, -1.0000, 0.0000, 0.0000, 1.0000, 0.0114, 0.0099, 0.7486, 20.6420
0.6000, 0.5000, 0.4000, 0.9500, 61.0000, 71.0000, 0.0000, 0.0000, 1.0000, 0.0091, 0.0159, 0.7649, 1.6929
0.2000, 0.2000, 0.1000, 0.5000, 62.0000, -1.0000, 0.0000, 0.0000, 1.0000, 0.0114, 0.0099, 0.7486, 20.6420
0.6000, 0.5000, 0.4000, 0.9500, 61.0000, 71.0000, 0.0000, 0.0000, 1.0000, 0.0091, 0.0159, 0.7649, 1.6929
0.2000, 0.2000, 0.1000, 0.5000, 62.0000, -1.0000, 0.0000, 0.0000, 1.0000, 0.0114, 0.0099, 0.7486, 20.6420
0.6000, 0.5000, 0.4000, 0.9500, 61.0000, 71.0000, 0.0000, 0.0000, 1.0000, 0.0091, 0.0159, 0.7649, 1.6929
0.6000, 0.5000, 0.4000, 0.9500, 61.0000, 71.0000, 0.0000, 0.0000, 1.0000, 0.0091, 0.0159, 0.7649, 1.6929
0.2000, 0.2000, 0.1000, 0.5000, 62.0000, -1.0000, 0.0000, 0.0000, 1.0000, 0.0114, 0.0099, 0.7486, 20.6420
0.6000, 0.5000, 0.4000, 0.9500, 61.0000, 71.0000, 0.0000, 0.0000, 1.0000, 0.0091, 0.0159, 0.7649, 1.6929
0.2000, 0.2000, 0.1000, 0.5000, 62.0000, -1.0000, 0.0000, 0.0000, 1.0000, 0.0114, 0.0099, 0.7486, 20.6420
0.6000, 0.5000, 0.4000, 0.9500, 61.0000, 71.0000, 0.0000, 0.0000, 1.0000, 0.0091, 0.0159, 0.7649, 1.6929
0.6000, 0.5000, 0.4000, 0.9500, 61.0000, 71.0000, 0.0000, 0.0000, 1.0000, 0.0091, 0.0159, 0.7649, 1.6929
0.2000, 0.2000, 0.1000, 0.5000, 62.0000, -1.0000, 0.0000, 0.0000, 1.0000, 0.0114, 0.0099, 0.7486, 20.6420
0.6000, 0.5000, 0.4000, 0.9500, 61.0000, 71.0000, 0.0000, 0.0000, 1.0000, 0.0091, 0.0159, 0.7649, 1.6929
0.2000, 0.2000, 0.1000, 0.5000, 62.0000, -1.0000, 0.0000, 0.0000, 1.0000, 0.0114, 0.0099, 0.7486, 20.6420
0.6000, 0.5000, 0.4000, 0.9500, 61.0000, 71.0000, 0.0000, 0.0000, 1.0000, 0.0091, 0.0159, 0.7649, 1.6929
0.2000, 0.2000, 0.1000, 0.5000, 62.0000, -1.0000, 0.0000, 0.0000, 1.0000, 0.0114, 0.0099, 0.7486, 20.6420
0.6000, 0.5000, 0.4000, 0.9500, 61.0000, 71.0000, 0.0000, 0.0000, 1.0000, 0.0091, 0.0159, 0.7649, 1.6929
0.6000, 0.5000, 0.4000, 0.9500, 61.0000, 71.0000, 0.0000, 0.0000, 1.0000, 0.0091, 0.0159, 0.7649, 1.6929
0.2000, 0.2000, 0.1000, 0.5000, 62.0000, -1.0000, 0.0000, 0.0000, 1.0000, 0.0114, 0.0099, 0.7486, 20.6420
0.6000, 0.5000, 0.4000, 0.9500, 61.0000, 71.0000, 0.0000, 0.0000, 1.0000, 0.0091, 0.0159, 0.7649, 1.6929
0.2000, 0.2000, 0.1000, 0.5000, 62.0000, -1.0000, 0.0000, 0.0000, 1.0000, 0.0114, 0.0099, 0.7486, 20.6420
0.6000, 0.5000, 0.4000, 0.9500, 61.0000, 71.0000, 0.0000, 0.0000, 1.0000, 0.0091, 0.0159, 0.7649, 1.6929
0.2000, 0.2000, 0.1000, 0.5000, 62.0000, -1.0000, 0.0000, 0.0000, 1.0000, 0.0114, 0.0099, 0.7486, 20.6420
0.6000, 0.5000, 0.4000, 0.9500, 61.0000, 71.0000, 0.0000, 0.0000, 1.0000, 0.0091, 0.0159, 0.7649, 1.6929
0.6000, 0.5000, 0.4000, 0.9500, 61.0000, 71.0000, 0.0000, 0.0000, 1.0000, 0.0091, 0.0159, 0.7649, 1.6929
0.2000, 0.2000, 0.1000, 0.5000, 62.0000, -1.0000, 0.0000, 0.0000, 1.0000, 0.0114, 0.0099, 0.7486, 20.6420
0.6000, 0.5000, 0.4000, 0.9500, 61.0000, 71.0000, 0.0000, 0.0000, 1.0000, 0.0091, 0.0159, 0.7649, 1.6929
0.2000, 0.2000, 0.1000, 0.5000, 62.0000, -1.0000, 0.0000, 0.0000, 1.0000, 0.0114, 0.0099, 0.7486, 20.6420
0.6000, 0.5000, 0.4000, 0.9500, 61.0000, 71.0000, 0.0000, 0.0000, 1.0000, 0.0091, 0.0159, 0.7649, 1.6929
0.6000, 0.5000, 0.4000, 0.9500, 61.0000, 71.0000, 0.0000, 0.0000, 1.0000, 0.0091, 0.0159, 0.7649, 1.6929
0.2000, 0.2000, 0.1000, 0.5000, 62.0000, -1.0000, 0.0000, 0.0000, 1.0000, 0.0114, 0.0099, 0.7486, 20.6420
0.6000, 0.5000, 0.4000, 0.9500, 61.0000, 71.0000, 0.0000, 0.0000, 1.0000, 0.0091, 0.0159, 0.7649, 1.6929
0.2000, 0.2000, 0.1000, 0.5000, 62.0000, -1.0000, 0.0000, 0.0000, 1.0000, 0.0114, 0.0099, 0.7486, 20.6420
0.6000, 0.5000, 0.4000, 0.9500, 61.0000, 71.0000, 0.0000, 0.0000, 1.0000, 0.0091, 0.0159, 0.7649, 1.6929
0.2000, 0.2000, 0.1000, 0.5000, 62.0000, -1.0000, 0.0000, 0.0000, 1.0000, 0.0114, 0.0099, 0.7486, 20.6420
0.6000, 0.5000, 0.4000, 0.9500, 61.0000, 71.0000, 0.0000, 0.0000, 1.0000, 0.0091, 0.0159, 0.7649, 1.6929
0.6000, 0.5000, 0.4000, 0.9500, 61.0000, 71.0000, 0.0000, 0.0000, 1.0000, 0.0091, 0.0159, 0.7649, 1.6929
0.2000, 0.2000, 0.1000, 0.5000, 62.0000, -1.0000, 0.0000, 0.0000, 1.0000, 0.0114, 0.0099, 0.7486, 20.6420
0.6000, 0.5000, 0.4000, 0.9500, 61.0000, 71.0000, 0.0000, 0.0000, 1.0000, 0.0091, 0.0159, 0.7649, 1.6929
0.2000, 0.2000, 0.1000, 0.5000, 62.0000, -1.0000, 0.0000, 0.0000, 1.0000, 0.0114, 0.0099, 0.7486, 20.6420
0.6000, 0.5000, 0.4000, 0.9500, 61.0000, 71.0000, 0.0000, 0.0000, 1.0000, 0.0091, 0.0159, 0.7649, 1.6929
0.7000, 0.5000, 0.4000, 0.9500, 61.0000, 71.0000, 0.0000, 0.0000, 1.0000, 0.0091, 0.0159, 0.7628, 1.6927
0.2000, 0.2000, 0.1000, 0.5000, 62.0000, -1.0000, 0.0000, 0.0000, 1.0000, 0.0114, 0.0099, 0.7486, 20.6420
0.7000, 0.5000, 0.4000, 0.9500, 61.0000, 71.0000, 0.0000, 0.0000, 1.0000, 0.0091, 0.0159, 0.7628, 1.6927
0.2000, 0.2000, 0.1000, 0.5000, 62.0000, -1.0000, 0.0000, 0.0000, 1.0000, 0.0114, 0.0099, 0.7486, 20.6420
0.7000, 0.5000, 0.4000, 0.9500, 61.0000, 71.0000, 0.0000, 0.0000, 1.0000, 0.0091, 0.0159, 0.7628, 1.6927
0.2000, 0.2000, 0.1000, 0.5000, 62.0000, -1.0000, 0.0000, 0.0000, 1.0000, 0.0114, 0.0099, 0.7486, 20.6420
0.7000, 0.5000, 0.4000, 0.9500, 61.0000, 71.0000, 0.0000, 0.0000, 1.0000, 0.0091, 0.0159, 0.7628, 1.6927
0.7000, 0.5000, 0.4000, 0.9500, 61.0000, 71.0000, 0.0000, 0.0000, 1.0000, 0.0091, 0.0159, 0.7628, 1.6927
0.2000, 0.2000, 0.1000, 0.5000, 62.0000, -1.0000, 0.0000, 0.0000, 1.0000, 0.0114, 0.0099, 0.7486, 20.6420
0.7000, 0.5000, 0.4000, 0.9500, 61.0000, 71.0000, 0.0000, 0.0000, 1.0000, 0.0091, 0.0159, 0.7628, 1.6927
0.2000, 0.2000, 0.1000, 0.5000, 62.0000, -1.0000, 0.0000, 0.0000, 1.0000, 0.0114, 0.0099, 0.7486, 20.6420
0.7000, 0.5000, 0.4000, 0.9500, 61.0000, 71.0000, 0.0000, 0.0000, 1.0000, 0.0091, 0.0159, 0.7628, 1.6927
0.7000, 0.5000, 0.4000, 0.9500, 61.0000, 71.0000, 0.0000, 0.0000, 1.0000, 0.0091, 0.0159, 0.7628, 1.6927
0.2000, 0.2000, 0.1000, 0.5000, 62.0000, -1.0000, 0.0000, 0.0000, 1.0000, 0.0114, 0.0099, 0.7486, 20.6420
0.7000, 0.5000, 0.4000, 0.9500, 61.0000, 71.0000, 0.0000, 0.0000, 1.0000, 0.0091, 0.0159, 0.7628, 1.6927
0.2000, 0.2000, 0.1000, 0.5000, 62.0000, -1.0000, 0.0000, 0.0000, 1.0000, 0.0114, 0.0099, 0.7486, 20.6420
0.7000, 0.5000, 0.4000, 0.9500, 61.0000, 71.0000, 0.0000, 0.0000, 1.0000, 0.0091, 0.0159, 0.7628, 1.6927
0.2000, 0.2000, 0.1000, 0.5000, 62.0000, -1.0000, 0.0000, 0.0000, 1.0000, 0.0114, 0.0099, 0.7486, 20.6420
0.7000, 0.5000, 0.4000, 0.9500, 61.0000, 71.0000, 0.0000, 0.0000, 1.0000, 0.0091, 0.0159, 0.7628, 1.6927
0.7000, 0.5000, 0.4000, 0.9500, 61.0000, 71.0000, 0.0000, 0.0000, 1.0000, 0.0091, 0.0159, 0.7628, 1.6927
0.2000, 0.2000, 0.1000, 0.5000, 62.0000, -1.0000, 0.0000, 0.0000, 1.0000, 0.0114, 0.0099, 0.7486, 20.6420
0.7000, 0.5000, 0.4000, 0.9500, 61.0000, 71.0000, 0.0000, 0.0000, 1.0000, 0.0091, 0.0159, 0.7628, 1.6927
0.3000, 0.2000, 0.1000, 0.5000, 62.0000, 78.0000, 0.0000, 0.0000, 1.0000, 0.0119, 0.0162, 0.6382, 3.9241
0.7000, 0.5000, 0.4000, 0.9500, 61.0000, 71.0000, 0.0000, 0.0000, 1.0000, 0.0091, 0.0159, 0.7628, 1.6927
0.3000, 0.2000, 0.1000, 0.5000, 62.0000, 78.0000, 0.0000, 0.0000, 1.0000, 0.0119, 0.0162, 0.6382, 3.9241
0.7000, 0.5000, 0.4000, 0.9500, 61.0000, 71.0000, 0.0000, 0.0000, 1.0000, 0.0091, 0.0159, 0.7628, 1.6927
0.3000, 0.2000, 0.1000, 0.5000, 62.0000, 78.0000, 0.0000, 0.0000, 1.0000, 0.0119, 0.0162, 0.6382, 3.9241
0.7000, 0.5000, 0.4000, 0.9500, 61.0000, 71.0000, 0.0000, 0.0000, 1.0000, 0.0091, 0.0159, 0.7628, 1.6927
0.3000, 0.2000, 0.1000, 0.5000, 62.0000, 78.0000, 0.0000, 0.0000, 1.0000, 0.0119, 0.0162, 0.6382, 3.9241
0.7000, 0.5000, 0.4000, 0.9500, 61.0000, 71.0000, 0.0000, 0.0000, 1.0000, 0.0091, 0.0159, 0.7628, 1.6927
0.3000, 0.2000, 0.1000, 0.5000, 62.0000, 78.0000, 0.0000, 0.0000, 1.0000, 0.0119, 0.0162, 0.6382, 3.9241
0.7000, 0.5000, 0.4000, 0.9500, 61.0000, 71.0000, 0.0000, 0.0000, 1.0000, 0.0091, 0.0159, 0.7628, 1.6927
0.3000, 0.2000, 0.1000, 0.5000, 62.0000, 78.0000, 0.0000, 0.0000, 1.0000, 0.0119, 0.0162, 0.6382, 3.9241
0.7000, 0.5000, 0.4000, 0.9500, 61.0000, 71.0000, 0.0000, 0.0000, 1.0000, 0.0091, 0.0159, 0.7628, 1.6927
0.3000, 0.2000, 0.1000, 0.5000, 62.0000, 78.0000, 0.0000, 0.0000, 1.0000, 0.0119, 0.0162, 0.6382, 3.9241
0.7000, 0.5000, 0.4000, 0.9500, 61.0000, 71.0000, 0.0000, 0.0000, 1.0000, 0.0091, 0.0159, 0.7628, 1.6927
0.3000, 0.2000, 0.1000, 0.5000, 62.0000, 78.0000, 0.0000, 0.0000, 1.0000, 0.0119, 0.0162, 0.6382, 3.9241
0.7000, 0.5000, 0.4000, 0.9500, 61.0000, 71.0000, 0.0000, 0.0000, 1.0000, 0.0091, 0.0159, 0.7628, 1.6927
0.3000, 0.2000, 0.1000, 0.5000, 62.0000, 78.0000, 0.0000, 0.0000, 1.0000, 0.0119, 0.0162, 0.6382, 3.9241
0.7000, 0.5000, 0.4000, 0.9500, 61.0000, 71.0000, 0.0000, 0.0000, 1.0000, 0.0091, 0.0159, 0.7628, 1.6927
0.3000, 0.2000, 0.1000, 0.5000, 62.0000, 78.0000, 0.0000, 0.0000, 1.0000, 0.0119, 0.0162, 0.6382, 3.9241
0.7000, 0.5000, 0.4000, 0.9500, 61.0000, 71.0000, 0.0000, 0.0000, 1.0000, 0.0091, 0.0159, 0.7628, 1.6927
0.3000, 0.2000, 0.1000, 0.5000, 62.0000, 78.0000, 0.0000, 0.0000, 1.0000, 0.0119, 0.0162, 0.6382, 3.9241
0.7000, 0.5000, 0.4000, 0.9500, 61.0000, 71.0000, 0.0000, 0.0000, 1.0000, 0.0091, 0.0159, 0.7628, 1.6927
0.3000, 0.2000, 0.1000, 0.5000, 62.0000, 78.0000, 0.0000, 0.0000, 1.0000, 0.0119, 0.0162, 0.6382, 3.9241
0.7000, 0.5000, 0.4000, 0.9500, 61.0000, 71.0000, 0.0000, 0.0000, 1.0000, 0.0091, 0.0159, 0.7628, 1.6927
0.3000, 0.2000, 0.1000, 0.5000, 62.0000, 78.0000, 0.0000, 0.0000, 1.0000, 0.0119, 0.0162, 0.6382, 3.9241
0.7000, 0.5000, 0.4000, 0.9500, 61.0000, 71.0000, 0.0000, 0.0000, 1.0000, 0.0091, 0.0159, 0.7628, 1.6927
0.3000, 0.2000, 0.1000, 0.5000, 62.0000, 78.0000, 0.0000, 0.0000, 1.0000, 0.0119, 0.0162, 0.6382, 3.9241
0.7000, 0.5000, 0.4000, 0.9500, 61.0000, 71.0000, 0.0000, 0.0000, 1.0000, 0.0091, 0.0159, 0.7628, 1.6927
0.3000, 0.2000, 0.1000, 0.5000, 62.0000, 78.0000, 0.0000, 0.0000, 1.0000, 0.0119, 0.0162, 0.6382, 3.9241
0.7000, 0.5000, 0.4000, 0.9500, 61.0000, 71.0000, 0.0000, 0.0000, 1.0000, 0.0091, 0.0159, 0.7628, 1.6927
0.7000, 0.5000, 0.4000, 0.9500, 61.0000, 71.0000, 0.0000, 0.0000, 1.0000, 0.0091, 0.0159, 0.7628, 1.6927
0.3000, 0.2000, 0.1000, 0.5000, 62.0000, 78.0000, 0.0000, 0.0000, 1.0000, 0.0119, 0.0162, 0.6382, 3.9241
0.7000, 0.5000, 0.4000, 0.9500, 61.0000, 71.0000, 0.0000, 0.0000, 1.0000, 0.0091, 0.0159, 0.7628, 1.6927
0.3000, 0.2000, 0.1000, 0.5000, 62.0000, 78.0000, 0.0000, 0.0000, 1.0000, 0.0119, 0.0162, 0.6382, 3.9241
0.7000, 0.5000, 0.4000, 0.9500, 61.0000, 71.0000, 0.0000, 0.0000, 1.0000, 0.0091, 0.0159, 0.7628, 1.6927
0.3000, 0.2000, 0.1000, 0.5000, 62.0000, 78.0000, 0.0000, 0.0000, 1.0000, 0.0119, 0.0162, 0.6382, 3.9241
0.7000, 0.5000, 0.4000, 0.9500, 61.0000, 71.0000, 0.0000, 0.0000, 1.0000, 0.0091, 0.0159, 0.7628, 1.6927
0.3000, 0.2000, 0.1000, 0.5000, 62.0000, 78.0000, 0.0000, 0.0000, 1.0000, 0.0119, 0.0162, 0.6382, 3.9241
0.7000, 0.5000, 0.4000, 0.9500, 61.0000, 71.0000, 0.0000, 0.0000, 1.0000, 0.0091, 0.0159, 0.7628, 1.6927
0.3000, 0.2000, 0.1000, 0.5000, 62.0000, 78.0000, 0.0000, 0.0000, 1.0000, 0.0119, 0.0162, 0.6382, 3.9241
0.7000, 0.5000, 0.4000, 0.9500, 61.0000, 71.0000, 0.0000, 0.0000, 1.0000, 0.0091, 0.0159, 0.7628, 1.6927
0.3000, 0.2000, 0.1000, 0.5000, 62.0000, 78.0000, 0.0000, 0.0000, 1.0000, 0.0119, 0.0162, 0.6382, 3.9241
0.7000, 0.5000, 0.4000, 0.9500, 61.0000, 71.0000, 0.0000, 0.0000, 1.0000, 0.0091, 0.0159, 0.7628, 1.6927
0.3000, 0.2000, 0.1000, 0.5000, 62.0000, 78.0000, 0.0000, 0.0000, 1.0000, 0.0119, 0.0162, 0.6382, 3.9241
0.7000, 0.5000, 0.4000, 0.9500, 61.0000, 71.0000, 0.0000, 0.0000, 1.0000, 0.0091, 0.0159, 0.7628, 1.6927
0.3000, 0.2000, 0.1000, 0.5000, 62.0000, 78.0000, 0.0000, 0.0000, 1.0000, 0.0119, 0.0162, 0.6382, 3.9241
0.7000, 0.5000, 0.4000, 0.9500, 61.0000, 71.0000, 0.0000, 0.0000, 1.0000, 0.0091, 0.0159, 0.7628, 1.6927
0.3000, 0.2000, 0.1000, 0.5000, 62.0000, 78.0000, 0.0000, 0.0000, 1.0000, 0.0119, 0.0162, 0.6382, 3.9241
0.7000, 0.5000, 0.4000, 0.9500, 61.0000, 71.0000, 0.0000, 0.0000, 1.0000, 0.0091, 0.0159, 0.7628, 1.6927
0.3000, 0.2000, 0.1000, 0.5000, 62.0000, 78.0000, 0.0000, 0.0000, 1.0000, 0.0119, 0.0162, 0.6382, 3.9241
0.7000, 0.5000, 0.4000, 0.9500, 61.0000, 71.0000, 0.0000, 0.0000, 1.0000, 0.0091, 0.0159, 0.7628, 1.6927
0.3000, 0.2000, 0.1000, 0.5000, 62.0000, 78.0000, 0.0000, 0.0000, 1.0000, 0.0119, 0.0162, 0.6382, 3.9241
0.7000, 0.5000, 0.4000, 0.9500, 61.0000, 71.0000, 0.0000, 0.0000, 1.0000, 0.0091, 0.0159, 0.7628, 1.6927
0.3000, 0.2000, 0.1000, 0.5000, 62.0000, 78.0000, 0.0000, 0.0000, 1.0000, 0.0119, 0.0162, 0.6382, 3.9241
0.7000, 0.5000, 0.4000, 0.9500, 61.0000, 71.0000, 0.0000, 0.0000, 1.0000, 0.0091, 0.0159, 0.7628, 1.6927
0.3000, 0.2000, 0.1000, 0.5000, 62.0000, 78.0000, 0.0000, 0.0000, 1.0000, 0.0119, 0.0162, 0.6382, 3.9241
0.7000, 0.5000, 0.4000, 0.9500, 61.0000, 71.0000, 0.0000, 0.0000, 1.0000, 0.0091, 0.0159, 0.7628, 1.6927
0.3000, 0.2000, 0.1000, 0.5000, 62.0000, 78.0000, 0.0000, 0.0000, 1.0000, 0.0119, 0.0162, 0.6382, 3.9241
0.7000, 0.5000, 0.4000, 0.9500, 61.0000, 71.0000, 0.0000, 0.0000, 1.0000, 0.0091, 0.0159, 0.7628, 1.6927
0.3000, 0.2000, 0.1000, 0.5000, 62.0000, 78.0000, 0.0000, 0.0000, 1.0000, 0.0119, 0.0162, 0.6382, 3.9241
0.7000, 0.5000, 0.4000, 0.9500, 61.0000, 71.0000, 0.0000, 0.0000, 1.0000, 0.0091, 0.0159, 0.7628, 1.6927
0.3000, 0.2000, 0.1000, 0.5000, 62.0000, 78.0000, 0.0000, 0.0000, 1.0000, 0.0119, 0.0162, 0.6382, 3.9241
0.7000, 0.5000, 0.4000, 0.9500, 61.0000, 71.0000, 0.0000, 0.0000, 1.0000, 0.0091, 0.0159, 0.7628, 1.6927
0.3000, 0.2000, 0.1000, 0.5000, 62.0000, 78.0000, 0.0000, 0.0000, 1.0000, 0.0119, 0.0162, 0.6382, 3.9241
0.7000, 0.5000, 0.4000, 0.9500, 61.0000, 71.0000, 0.0000, 0.0000, 1.0000, 0.0091, 0.0159, 0.7628, 1.6927
0.3000, 0.2000, 0.1000, 0.5000, 62.0000, 78.0000, 0.0000, 0.0000, 1.0000, 0.0119, 0.0162, 0.6382, 3.9241
0.7000, 0.5000, 0.4000, 0.9500, 61.0000, 71.0000, 0.0000, 0.0000, 1.0000, 0.0091, 0.0159, 0.7628, 1.6927
0.7000, 0.5000, 0.4000, 0.9500, 61.0000, 71.0000, 0.0000, 0.0000, 1.0000, 0.0091, 0.0159, 0.7628, 1.6927
0.3000, 0.2000, 0.1000, 0.5000, 62.0000, 78.0000, 0.0000, 0.0000, 1.0000, 0.0119, 0.0162, 0.6382, 3.9241
0.7000, 0.5000, 0.4000, 0.9500, 61.0000, 71.0000, 0.0000, 0.0000, 1.0000, 0.0091, 0.0159, 0.7628, 1.6927
0.3000, 0.2000, 0.1000, 0.5000, 62.0000, 78.0000, 0.0000, 0.0000, 1.0000, 0.0119, 0.0162, 0.6382, 3.9241
0.7000, 0.5000, 0.4000, 0.9500, 61.0000, 71.0000, 0.0000, 0.0000, 1.0000, 0.0091, 0.0159, 0.7628, 1.6927
0.3000, 0.2000, 0.1000, 0.5000, 62.0000, 78.0000, 0.0000, 0.0000, 1.0000, 0.0119, 0.0162, 0.6382, 3.9241
0.7000, 0.5000, 0.4000, 0.9500, 61.0000, 71.0000, 0.0000, 0.0000, 1.0000, 0.0091, 0.0159, 0.7628, 1.6927
0.3000, 0.2000, 0.1000, 0.5000, 62.0000, 78.0000, 0.0000, 0.0000, 1.0000, 0.0119, 0.0162, 0.6382, 3.9241
0.7000, 0.5000, 0.4000, 0.9500, 61.0000, 71.0000, 0.0000, 0.0000, 1.0000, 0.0091, 0.0159, 0.7628, 1.6927
0.3000, 0.2000, 0.1000, 0.5000, 62.0000, 78.0000, 0.0000, 0.0000, 1.0000, 0.0119, 0.0162, 0.6382, 3.9241
0.7000, 0.5000, 0.4000, 0.9500, 61.0000, 71.0000, 0.0000, 0.0000, 1.0000, 0.0091, 0.0159, 0.7628, 1.6927
0.3000, 0.2000, 0.1000, 0.5000, 62.0000, 78.0000, 0.0000, 0.0000, 1.0000, 0.0119, 0.0162, 0.6382, 3.9241
0.7000, 0.5000, 0.4000, 0.9500, 61.0000, 71.0000, 0.0000, 0.0000, 1.0000, 0.0091, 0.0159, 0.7628, 1.6927
0.3000, 0.2000, 0.1000, 0.5000, 62.0000, 78.0000, 0.0000, 0.0000, 1.0000, 0.0119, 0.0162, 0.6382, 3.9241
0.7000, 0.5000, 0.4000, 0.9500, 61.0000, 71.0000, 0.0000, 0.0000, 1.0000, 0.0091, 0.0159, 0.7628, 1.6927
0.3000, 0.2000, 0.1000, 0.5000, 62.0000, 78.0000, 0.0000, 0.0000, 1.0000, 0.0119, 0.0162, 0.6382, 3.9241
0.7000, 0.5000, 0.4000, 0.9500, 61.0000, 71.0000, 0.0000, 0.0000, 1.0000, 0.0091, 0.0159, 0.7628, 1.6927
0.3000, 0.2000, 0.1000, 0.5000, 62.0000, 78.0000, 0.0000, 0.0000, 1.0000, 0.0119, 0.0162, 0.6382, 3.9241
0.7000, 0.5000, 0.4000, 0.9500, 61.0000, 71.0000, 0.0000, 0.0000, 1.0000, 0.0091, 0.0159, 0.7628, 1.6927
0.3000, 0.2000, 0.1000, 0.5000, 62.0000, 78.0000, 0.0000, 0.0000, 1.0000, 0.0119, 0.0162, 0.6382, 3.9241
0.7000, 0.5000, 0.4000, 0.9500, 61.0000, 71.0000, 0.0000, 0.0000, 1.0000, 0.0091, 0.0159, 0.7628, 1.6927
0.3000, 0.2000, 0.1000, 0.5000, 62.0000, 78.0000, 0.0000, 0.0000, 1.0000, 0.0119, 0.0162, 0.6382, 3.9241
0.7000, 0.5000, 0.4000, 0.9500, 61.0000, 71.0000, 0.0000, 0.0000, 1.0000, 0.0091, 0.0159, 0.7628, 1.6927
0.3000, 0.2000, 0.1000, 0.5000, 62.0000, 78.0000, 0.0000, 0.0000, 1.0000, 0.0119, 0.0162, 0.6382, 3.9241
0.7000, 0.5000, 0.4000, 0.9500, 61.0000, 71.0000, 0.0000, 0.0000, 1.0000, 0.0091, 0.0159, 0.7628, 1.6927
0.3000, 0.2000, 0.1000, 0.5000, 62.0000, 78.0000, 0.0000, 0.0000, 1.0000, 0.0119, 0.0162, 0.6382, 3.9241
0.7000, 0.5000, 0.4000, 0.9500, 61.0000, 71.0000, 0.0000, 0.0000, 1.0000, 0.0091, 0.0159, 0.7628, 1.6927
0.3000, 0.2000, 0.1000, 0.5000, 62.0000, 78.0000, 0.0000, 0.0000, 1.0000, 0.0119, 0.0162, 0.6382, 3.9241
0.7000, 0.5000, 0.4000, 0.9500, 61.0000, 71.0000, 0.0000, 0.0000, 1.0000, 0.0091, 0.0159, 0.7628, 1.6927
0.3000, 0.2000, 0.1000, 0.5000, 62.0000, 78.0000, 0.0000, 0.0000, 1.0000, 0.0119, 0.0162, 0.6382, 3.9241
0.7000, 0.5000, 0.4000, 0.9500, 61.0000, 71.0000, 0.0000, 0.0000, 1.0000, 0.0091, 0.0159, 0.7628, 1.6927
0.3000, 0.2000, 0.1000, 0.5000, 62.0000, 78.0000, 0.0000, 0.0000, 1.0000, 0.0119, 0.0162, 0.6382, 3.9241
0.7000, 0.5000, 0.4000, 0.9500, 61.0000, 71.0000, 0.0000, 0.0000, 1.0000, 0.0091, 0.0159, 0.7628, 1.6927
0.3000, 0.2000, 0.1000, 0.5000, 62.0000, 78.0000, 0.0000, 0.0000, 1.0000, 0.0119, 0.0162, 0.6382, 3.9241
0.7000, 0.5000, 0.4000, 0.9500, 61.0000, 71.0000, 0.0000, 0.0000, 1.0000, 0.0091, 0.0159, 0.7628, 1.6927
0.3000, 0.3000, 0.2000, 0.6500, 61.0000, 73.0000, 0.0000, 0.0000, 1.0000, 0.0091, 0.0166, 0.4539, 2.4980
0.7000, 0.5000, 0.4000, 0.9500, 61.0000, 71.0000, 0.0000, 0.0000, 1.0000, 0.0091, 0.0159, 0.7628, 1.6927
0.3000, 0.3000, 0.2000, 0.6500, 61.0000, 73.0000, 0.0000, 0.0000, 1.0000, 0.0091, 0.0166, 0.4539, 2.4980
0.7000, 0.5000, 0.4000, 0.9500, 61.0000, 71.0000, 0.0000, 0.0000, 1.0000, 0.0091, 0.0159, 0.7628, 1.6927
0.3000, 0.3000, 0.2000, 0.6500, 61.0000, 73.0000, 0.0000, 0.0000, 1.0000, 0.0091, 0.0166, 0.4539, 2.4980
0.7000, 0.5000, 0.4000, 0.9500, 61.0000, 71.0000, 0.0000, 0.0000, 1.0000, 0.0091, 0.0159, 0.7628, 1.6927
0.3000, 0.3000, 0.2000, 0.6500, 61.0000, 73.0000, 0.0000, 0.0000, 1.0000, 0.0091, 0.0166, 0.4539, 2.4980
0.7000, 0.5000, 0.4000, 0.9500, 61.0000, 71.0000, 0.0000, 0.0000, 1.0000, 0.0091, 0.0159, 0.7628, 1.6927
0.3000, 0.3000, 0.2000, 0.6500, 61.0000, 73.0000, 0.0000, 0.0000, 1.0000, 0.0091, 0.0166, 0.4539, 2.4980
0.7000, 0.5000, 0.4000, 0.9500, 61.0000, 71.0000, 0.0000, 0.0000, 1.0000, 0.0091, 0.0159, 0.7628, 1.6927
0.3000, 0.3000, 0.2000, 0.6500, 61.0000, 73.0000, 0.0000, 0.0000, 1.0000, 0.0091, 0.0166, 0.4539, 2.4980
0.7000, 0.5000, 0.4000, 0.9500, 61.0000, 71.0000, 0.0000, 0.0000, 1.0000, 0.0091, 0.0159, 0.7628, 1.6927
0.3000, 0.3000, 0.2000, 0.6500, 61.0000, 73.0000, 0.0000, 0.0000, 1.0000, 0.0091, 0.0166, 0.4539, 2.4980
0.7000, 0.5000, 0.4000, 0.9500, 61.0000, 71.0000, 0.0000, 0.0000, 1.0000, 0.0091, 0.0159, 0.7628, 1.6927
0.3000, 0.3000, 0.2000, 0.6500, 61.0000, 73.0000, 0.0000, 0.0000, 1.0000, 0.0091, 0.0166, 0.4539, 2.4980
0.7000, 0.5000, 0.4000, 0.9500, 61.0000, 71.0000, 0.0000, 0.0000, 1.0000, 0.0091, 0.0159, 0.7628, 1.6927
0.3000, 0.3000, 0.2000, 0.6500, 61.0000, 73.0000, 0.0000, 0.0000, 1.0000, 0.0091, 0.0166, 0.4539, 2.4980
0.7000, 0.5000, 0.4000, 0.9500, 61.0000, 71.0000, 0.0000, 0.0000, 1.0000, 0.0091, 0.0159, 0.7628, 1.6927
0.3000, 0.3000, 0.2000, 0.6500, 61.0000, 73.0000, 0.0000, 0.0000, 1.0000, 0.0091, 0.0166, 0.4539, 2.4980
0.7000, 0.5000, 0.4000, 0.9500, 61.0000, 71.0000, 0.0000, 0.0000, 1.0000, 0.0091, 0.0159, 0.7628, 1.6927
0.3000, 0.3000, 0.2000, 0.6500, 61.0000, 73.0000, 0.0000, 0.0000, 1.0000, 0.0091, 0.0166, 0.4539, 2.4980
0.7000, 0.6000, 0.5000, 1.1000, 61.0000, 69.0000, 0.0000, 0.0000, 0.0000, 0.0091, 0.0147, 0.7414, 0.7422
0.3000, 0.3000, 0.2000, 0.6500, 61.0000, 73.0000, 0.0000, 0.0000, 1.0000, 0.0091, 0.0166, 0.4539, 2.4980
0.7000, 0.6000, 0.5000, 1.1000, 61.0000, 69.0000, 0.0000, 0.0000, 0.0000, 0.0091, 0.0147, 0.7414, 0.7422
0.3000, 0.3000, 0.2000, 0.6500, 61.0000, 73.0000, 0.0000, 0.0000, 1.0000, 0.0091, 0.0166, 0.4539, 2.4980
0.7000, 0.6000, 0.5000, 1.1000, 61.0000, 69.0000, 0.0000, 0.0000, 0.0000, 0.0091, 0.0147, 0.7414, 0.7422
0.3000, 0.3000, 0.2000, 0.6500, 61.0000, 73.0000, 0.0000, 0.0000, 1.0000, 0.0091, 0.0166, 0.4539, 2.4980
0.7000, 0.6000, 0.5000, 1.1000, 61.0000, 69.0000, 0.0000, 0.0000, 0.0000, 0.0091, 0.0147, 0.7414, 0.7422
0.3000, 0.3000, 0.2000, 0.6500, 61.0000, 73.0000, 0.0000, 0.0000, 1.0000, 0.0091, 0.0166, 0.4539, 2.4980
0.7000, 0.6000, 0.5000, 1.1000, 61.0000, 69.0000, 0.0000, 0.0000, 0.0000, 0.0091, 0.0147, 0.7414, 0.7422
0.3000, 0.3000, 0.2000, 0.6500, 61.0000, 73.0000, 0.0000, 0.0000, 1.0000, 0.0091, 0.0166, 0.4539, 2.4980
0.7000, 0.6000, 0.5000, 1.1000, 61.0000, 69.0000, 0.0000, 0.0000, 0.0000, 0.0091, 0.0147, 0.7414, 0.7422
0.3000, 0.3000, 0.2000, 0.6500, 61.0000, 73.0000, 0.0000, 0.0000, 1.0000, 0.0091, 0.0166, 0.4539, 2.4980
0.7000, 0.6000, 0.5000, 1.1000, 61.0000, 69.0000, 0.0000, 0.0000, 0.0000, 0.0091, 0.0147, 0.7414, 0.7422
0.3000, 0.3000, 0.2000, 0.6500, 61.0000, 73.0000, 0.0000, 0.0000, 1.0000, 0.0091, 0.0166, 0.4539, 2.4980
0.7000, 0.6000, 0.5000, 1.1000, 61.0000, 69.0000, 0.0000, 0.0000, 0.0000, 0.0091, 0.0147, 0.7414, 0.7422
0.3000, 0.3000, 0.2000, 0.6500, 61.0000, 73.0000, 0.0000, 0.0000, 1.0000, 0.0091, 0.0166, 0.4539, 2.4980
0.7000, 0.6000, 0.5000, 1.1000, 61.0000, 69.0000, 0.0000, 0.0000, 0.0000, 0.0091, 0.0147, 0.7414, 0.7422
0.3000, 0.3000, 0.2000, 0.6500, 61.0000, 73.0000, 0.0000, 0.0000, 1.0000, 0.0091, 0.0166, 0.4539, 2.4980
0.7000, 0.6000, 0.5000, 1.1000, 61.0000, 69.0000, 0.0000, 0.0000, 0.0000, 0.0091, 0.0147, 0.7414, 0.7422
0.3000, 0.3000, 0.2000, 0.6500, 61.0000, 73.0000, 0.0000, 0.0000, 1.0000, 0.0091, 0.0166, 0.4539, 2.4980
0.7000, 0.6000, 0.5000, 1.1000, 61.0000, 69.0000, 0.0000, 0.0000, 0.0000, 0.0091, 0.0147, 0.7414, 0.7422
0.3000, 0.3000, 0.2000, 0.6500, 61.0000, 73.0000, 0.0000, 0.0000, 1.0000, 0.0091, 0.0166, 0.4539, 2.4980
0.7000, 0.6000, 0.5000, 1.1000, 61.0000, 69.0000, 0.0000, 0.0000, 0.0000, 0.0091, 0.0147, 0.7414, 0.7422
0.3000, 0.3000, 0.2000, 0.6500, 61.0000, 73.0000, 0.0000, 0.0000, 1.0000, 0.0091, 0.0166, 0.4539, 2.4980
0.7000, 0.6000, 0.5000, 1.1000, 61.0000, 69.0000, 0.0000, 0.0000, 0.0000, 0.0091, 0.0147, 0.7414, 0.7422
0.3000, 0.3000, 0.2000, 0.6500, 61.0000, 73.0000, 0.0000, 0.0000, 1.0000, 0.0091, 0.0166, 0.4539, 2.4980
0.7000, 0.6000, 0.5000, 1.1000, 61.0000, 69.0000, 0.0000, 0.0000, 0.0000, 0.0091, 0.0147, 0.7414, 0.7422
0.3000, 0.3000, 0.2000, 0.6500, 61.0000, 73.0000, 0.0000, 0.0000, 1.0000, 0.0091, 0.0166, 0.4539, 2.4980
0.7000, 0.6000, 0.5000, 1.1000, 61.0000, 69.0000, 0.0000, 0.0000, 0.0000, 0.0091, 0.0147, 0.7414, 0.7422
0.3000, 0.3000, 0.2000, 0.6500, 61.0000, 73.0000, 0.0000, 0.0000, 1.0000, 0.0091, 0.0166, 0.4539, 2.4980
0.7000, 0.6000, 0.5000, 1.1000, 61.0000, 69.0000, 0.0000, 0.0000, 0.0000, 0.0091, 0.0147, 0.7414, 0.7422
0.3000, 0.3000, 0.2000, 0.6500, 61.0000, 73.0000, 0.0000, 0.0000, 1.0000, 0.0091, 0.0166, 0.4539, 2.4980
0.7000, 0.6000, 0.5000, 1.1000, 61.0000, 69.0000, 0.0000, 0.0000, 0.0000, 0.0091, 0.0147, 0.7414, 0.7422
0.3000, 0.3000, 0.2000, 0.6500, 61.0000, 73.0000, 0.0000, 0.0000, 1.0000, 0.0091, 0.0166, 0.4539, 2.4980
0.7000, 0.6000, 0.5000, 1.1000, 61.0000, 69.0000, 0.0000, 0.0000, 0.0000, 0.0091, 0.0147, 0.7414, 0.7422
0.3000, 0.3000, 0.2000, 0.6500, 61.0000, 73.0000, 0.0000, 0.0000, 1.0000, 0.0091, 0.0166, 0.4539, 2.4980
0.7000, 0.6000, 0.5000, 1.1000, 61.0000, 69.0000, 0.0000, 0.0000, 0.0000, 0.0091, 0.0147, 0.7414, 0.7422
0.3000, 0.3000, 0.2000, 0.6500, 61.0000, 73.0000, 0.0000, 0.0000, 1.0000, 0.0091, 0.0166, 0.4539, 2.4980
0.7000, 0.6000, 0.5000, 1.1000, 61.0000, 69.0000, 0.0000, 0.0000, 0.0000, 0.0091, 0.0147, 0.7414, 0.7422
0.3000, 0.3000, 0.2000, 0.6500, 61.0000, 73.0000, 0.0000, 0.0000, 1.0000, 0.0091, 0.0166, 0.4539, 2.4980
0.7000, 0.6000, 0.5000, 1.1000, 61.0000, 69.0000, 0.0000, 0.0000, 0.0000, 0.0091, 0.0147, 0.7414, 0.7422
0.3000, 0.3000, 0.2000, 0.6500, 61.0000, 73.0000, 0.0000, 0.0000, 1.0000, 0.0091, 0.0166, 0.4539, 2.4980
0.7000, 0.6000, 0.5000, 1.1000, 61.0000, 69.0000, 0.0000, 0.0000, 0.0000, 0.0091, 0.0147, 0.7414, 0.7422
0.7000, 0.6000, 0.5000, 1.1000, 61.0000, 69.0000, 0.0000, 0.0000, 0.0000, 0.0091, 0.0147, 0.7414, 0.7422
0.3000, 0.3000, 0.2000, 0.6500, 61.0000, 73.0000, 0.0000, 0.0000, 1.0000, 0.0091, 0.0166, 0.4539, 2.4980
0.7000, 0.6000, 0.5000, 1.1000, 61.0000, 69.0000, 0.0000, 0.0000, 0.0000, 0.0091, 0.0147, 0.7414, 0.7422
0.3000, 0.3000, 0.2000, 0.6500, 61.0000, 73.0000, 0.0000, 0.0000, 1.0000, 0.0091, 0.0166, 0.4539, 2.4980
0.7000, 0.6000, 0.5000, 1.1000, 61.0000, 69.0000, 0.0000, 0.0000, 0.0000, 0.0091, 0.0147, 0.7414, 0.7422
0.3000, 0.3000, 0.2000, 0.6500, 61.0000, 73.0000, 0.0000, 0.0000, 1.0000, 0.0091, 0.0166, 0.4539, 2.4980
0.7000, 0.6000, 0.5000, 1.1000, 61.0000, 69.0000, 0.0000, 0.0000, 0.0000, 0.0091, 0.0147, 0.7414, 0.7422
0.3000, 0.3000, 0.2000, 0.6500, 61.0000, 73.0000, 0.0000, 0.0000, 1.0000, 0.0091, 0.0166, 0.4539, 2.4980
0.7000, 0.6000, 0.5000, 1.1000, 61.0000, 69.0000, 0.0000, 0.0000, 0.0000, 0.0091, 0.0147, 0.7414, 0.7422
0.3000, 0.3000, 0.2000, 0.6500, 61.0000, 73.0000, 0.0000, 0.0000, 1.0000, 0.0091, 0.0166, 0.4539, 2.4980
0.7000, 0.6000, 0.5000, 1.1000, 61.0000, 69.0000, 0.0000, 0.0000, 0.0000, 0.0091, 0.0147, 0.7414, 0.7422
0.3000, 0.3000, 0.2000, 0.6500, 61.0000, 73.0000, 0.0000, 0.0000, 1.0000, 0.0091, 0.0166, 0.4539, 2.4980
0.7000, 0.6000, 0.5000, 1.1000, 61.0000, 69.0000, 0.0000, 0.0000, 0.0000, 0.0091, 0.0147, 0.7414, 0.7422
0.3000, 0.3000, 0.2000, 0.6500, 61.0000, 73.0000, 0.0000, 0.0000, 1.0000, 0.0091, 0.0166, 0.4539, 2.4980
0.7000, 0.6000, 0.5000, 1.1000, 61.0000, 69.0000, 0.0000, 0.0000, 0.0000, 0.0091, 0.0147, 0.7414, 0.7422
0.3000, 0.3000, 0.2000, 0.6500, 61.0000, 73.0000, 0.0000, 0.0000, 1.0000, 0.0091, 0.0166, 0.4539, 2.4980
0.7000, 0.6000, 0.5000, 1.1000, 61.0000, 69.0000, 0.0000, 0.0000, 0.0000, 0.0091, 0.0147, 0.7414, 0.7422
0.3000, 0.3000, 0.2000, 0.6500, 61.0000, 73.0000, 0.0000, 0.0000, 1.0000, 0.0091, 0.0166, 0.4539, 2.4980
0.7000, 0.6000, 0.5000, 1.1000, 61.0000, 69.0000, 0.0000, 0.0000, 0.0000, 0.0091, 0.0147, 0.7414, 0.7422
0.3000, 0.3000, 0.2000, 0.6500, 61.0000, 73.0000, 0.0000, 0.0000, 1.0000, 0.0091, 0.0166, 0.4539, 2.4980
0.7000, 0.6000, 0.5000, 1.1000, 61.0000, 69.0000, 0.0000, 0.0000, 0.0000, 0.0091, 0.0147, 0.7414, 0.7422
0.3000, 0.3000, 0.2000, 0.6500, 61.0000, 73.0000, 0.0000, 0.0000, 1.0000, 0.0091, 0.0166, 0.4539, 2.4980
0.7000, 0.6000, 0.5000, 1.1000, 61.0000, 69.0000, 0.0000, 0.0000, 0.0000, 0.0091, 0.0147, 0.7414, 0.7422
0.3000, 0.3000, 0.2000, 0.6500, 61.0000, 73.0000, 0.0000, 0.0000, 1.0000, 0.0091, 0.0166, 0.4539, 2.4980
0.7000, 0.6000, 0.5000, 1.1000, 61.0000, 69.0000, 0.0000, 0.0000, 0.0000, 0.0091, 0.0147, 0.7414, 0.7422
0.3000, 0.3000, 0.2000, 0.6500, 61.0000, 73.0000, 0.0000, 0.0000, 1.0000, 0.0091, 0.0166, 0.4539, 2.4980
0.7000, 0.6000, 0.5000, 1.1000, 61.0000, 69.0000, 0.0000, 0.0000, 0.0000, 0.0091, 0.0147, 0.7414, 0.7422
0.3000, 0.3000, 0.2000, 0.6500, 61.0000, 73.0000, 0.0000, 0.0000, 1.0000, 0.0091, 0.0166, 0.4539, 2.4980
0.7000, 0.6000, 0.5000, 1.1000, 61.0000, 69.0000, 0.0000, 0.0000, 0.0000, 0.0091, 0.0147, 0.7414, 0.7422
0.3000, 0.3000, 0.2000, 0.6500, 61.0000, 73.0000, 0.0000, 0.0000, 1.0000, 0.0091, 0.0166, 0.4539, 2.4980
0.7000, 0.6000, 0.5000, 1.1000, 61.0000, 69.0000, 0.0000, 0.0000, 0.0000, 0.0091, 0.0147, 0.7414, 0.7422
0.3000, 0.3000, 0.2000, 0.6500, 61.0000, 73.0000, 0.0000, 0.0000, 1.0000, 0.0091, 0.0166, 0.4539, 2.4980
0.7000, 0.6000, 0.5000, 1.1000, 61.0000, 69.0000, 0.0000, 0.0000, 0.0000, 0.0091, 0.0147, 0.7414, 0.7422
0.3000, 0.3000, 0.2000, 0.6500, 61.0000, 73.0000, 0.0000, 0.0000, 1.0000, 0.0091, 0.0166, 0.4539, 2.4980
0.7000, 0.6000, 0.5000, 1.1000, 61.0000, 69.0000, 0.0000, 0.0000, 0.0000, 0.0091, 0.0147, 0.7414, 0.7422
0.3000, 0.3000, 0.2000, 0.6500, 61.0000, 73.0000, 0.0000, 0.0000, 1.0000, 0.0091, 0.0166, 0.4539, 2.4980
0.7000, 0.6000, 0.5000, 1.1000, 61.0000, 69.0000, 0.0000, 0.0000, 0.0000, 0.0091, 0.0147, 0.7414, 0.7422
0.3000, 0.3000, 0.2000, 0.6500, 61.0000, 73.0000, 0.0000, 0.0000, 1.0000, 0.0091, 0.0166, 0.4539, 2.4980
0.7000, 0.6000, 0.5000, 1.1000, 61.0000, 69.0000, 0.0000, 0.0000, 0.0000, 0.0091, 0.0147, 0.7414, 0.7422
0.3000, 0.3000, 0.2000, 0.6500, 61.0000, 73.0000, 0.0000, 0.0000, 1.0000, 0.0091, 0.0166, 0.4539, 2.4980
0.7000, 0.6000, 0.5000, 1.1000, 61.0000, 69.0000, 0.0000, 0.0000, 0.0000, 0.0091, 0.0147, 0.7414, 0.7422
0.3000, 0.3000, 0.2000, 0.6500, 61.0000, 73.0000, 0.0000, 0.0000, 1.0000, 0.0091, 0.0166, 0.4539, 2.4980
0.7000, 0.6000, 0.5000, 1.1000, 61.0000, 69.0000, 0.0000, 0.0000, 0.0000, 0.0091, 0.0147, 0.7414, 0.7422
0.3000, 0.3000, 0.2000, 0.6500, 61.0000, 73.0000, 0.0000, 0.0000, 1.0000, 0.0091, 0.0166, 0.4539, 2.4980
0.7000, 0.6000, 0.5000, 1.1000, 61.0000, 69.0000, 0.0000, 0.0000, 0.0000, 0.0091, 0.0147, 0.7414, 0.7422
0.3000, 0.3000, 0.2000, 0.6500, 61.0000, 73.0000, 0.0000, 0.0000, 1.0000, 0.0091, 0.0166, 0.4539, 2.4980
0.7000, 0.6000, 0.5000, 1.1000, 61.0000, 69.0000, 0.0000, 0.0000, 0.0000, 0.0091, 0.0147, 0.7414, 0.7422
0.3000, 0.3000, 0.2000, 0.6500, 61.0000, 73.0000, 0.0000, 0.0000, 1.0000, 0.0091, 0.0166, 0.4539, 2.4980
0.7000, 0.6000, 0.5000, 1.1000, 61.0000, 69.0000, 0.0000, 0.0000, 0.0000, 0.0091, 0.0147, 0.7414, 0.7422
0.3000, 0.3000, 0.2000, 0.6500, 61.0000, 73.0000, 0.0000, 0.0000, 1.0000, 0.0091, 0.0166, 0.4539, 2.4980
0.7000, 0.6000, 0.5000, 1.1000, 61.0000, 69.0000, 0.0000, 0.0000, 0.0000, 0.0091, 0.0147, 0.7414, 0.7422
0.3000, 0.3000, 0.2000, 0.6500, 61.0000, 73.0000, 0.0000, 0.0000, 1.0000, 0.0091, 0.0166, 0.4539, 2.4980
0.7000, 0.6000, 0.5000, 1.1000, 61.0000, 69.0000, 0.0000, 0.0000, 0.0000, 0.0091, 0.0147, 0.7414, 0.7422
0.3000, 0.3000, 0.2000, 0.6500, 61.0000, 73.0000, 0.0000, 0.0000, 1.0000, 0.0091, 0.0166, 0.4539, 2.4980
0.7000, 0.6000, 0.5000, 1.1000, 61.0000, 69.0000, 0.0000, 0.0000, 0.0000, 0.0091, 0.0147, 0.7414, 0.7422
0.3000, 0.3000, 0.2000, 0.6500, 61.0000, 73.0000, 0.0000, 0.0000, 1.0000, 0.0091, 0.0166, 0.4539, 2.4980
0.3000, 0.3000, 0.2000, 0.6500, 61.0000, 73.0000, 0.0000, 0.0000, 1.0000, 0.0091, 0.0166, 0.4539, 2.4980
0.8000, 0.6000, 0.5000, 1.1000, 61.0000, 69.0000, 0.0000, 0.0000, 0.0000, 0.0091, 0.0149, 0.7400, 0.6999
0.3000, 0.3000, 0.2000, 0.6500, 61.0000, 73.0000, 0.0000, 0.0000, 1.0000, 0.0091, 0.0166, 0.4539, 2.4980
0.8000, 0.6000, 0.5000, 1.1000, 61.0000, 69.0000, 0.0000, 0.0000, 0.0000, 0.0091, 0.0149, 0.7400, 0.6999
0.3000, 0.3000, 0.2000, 0.6500, 61.0000, 73.0000, 0.0000, 0.0000, 1.0000, 0.0091, 0.0166, 0.4539, 2.4980
0.8000, 0.6000, 0.5000, 1.1000, 61.0000, 69.0000, 0.0000, 0.0000, 0.0000, 0.0091, 0.0149, 0.7400, 0.6999
0.3000, 0.3000, 0.2000, 0.6500, 61.0000, 73.0000, 0.0000, 0.0000, 1.0000, 0.0091, 0.0166, 0.4539, 2.4980
0.8000, 0.6000, 0.5000, 1.1000, 61.0000, 69.0000, 0.0000, 0.0000, 0.0000, 0.0091, 0.0149, 0.7400, 0.6999
0.3000, 0.3000, 0.2000, 0.6500, 61.0000, 73.0000, 0.0000, 0.0000, 1.0000, 0.0091, 0.0166, 0.4539, 2.4980
0.8000, 0.6000, 0.5000, 1.1000, 61.0000, 69.0000, 0.0000, 0.0000, 0.0000, 0.0091, 0.0149, 0.7400, 0.6999
0.3000, 0.3000, 0.2000, 0.6500, 61.0000, 73.0000, 0.0000, 0.0000, 1.0000, 0.0091, 0.0166, 0.4539, 2.4980
0.8000, 0.6000, 0.5000, 1.1000, 61.0000, 69.0000, 0.0000, 0.0000, 0.0000, 0.0091, 0.0149, 0.7400, 0.6999
0.3000, 0.3000, 0.2000, 0.6500, 61.0000, 73.0000, 0.0000, 0.0000, 1.0000, 0.0091, 0.0166, 0.4539, 2.4980
0.3000, 0.3000, 0.2000, 0.6500, 61.0000, 73.0000, 0.0000, 0.0000, 1.0000, 0.0091, 0.0166, 0.4539, 2.4980
0.8000, 0.6000, 0.5000, 1.1000, 61.0000, 69.0000, 0.0000, 0.0000, 0.0000, 0.0091, 0.0149, 0.7400, 0.6999
0.3000, 0.3000, 0.2000, 0.6500, 61.0000, 73.0000, 0.0000, 0.0000, 1.0000, 0.0091, 0.0166, 0.4539, 2.4980
0.8000, 0.6000, 0.5000, 1.1000, 61.0000, 69.0000, 0.0000, 0.0000, 0.0000, 0.0091, 0.0149, 0.7400, 0.6999
0.3000, 0.3000, 0.2000, 0.6500, 61.0000, 73.0000, 0.0000, 0.0000, 1.0000, 0.0091, 0.0166, 0.4539, 2.4980
0.8000, 0.6000, 0.5000, 1.1000, 61.0000, 69.0000, 0.0000, 0.0000, 0.0000, 0.0091, 0.0149, 0.7400, 0.6999
0.3000, 0.3000, 0.2000, 0.6500, 61.0000, 73.0000, 0.0000, 0.0000, 1.0000, 0.0091, 0.0166, 0.4539, 2.4980
0.8000, 0.6000, 0.5000, 1.1000, 61.0000, 69.0000, 0.0000, 0.0000, 0.0000, 0.0091, 0.0149, 0.7400, 0.6999
0.3000, 0.3000, 0.2000, 0.6500, 61.0000, 73.0000, 0.0000, 0.0000, 1.0000, 0.0091, 0.0166, 0.4539, 2.4980
0.8000, 0.6000, 0.5000, 1.1000, 61.0000, 69.0000, 0.0000, 0.0000, 0.0000, 0.0091, 0.0149, 0.7400, 0.6999
0.3000, 0.3000, 0.2000, 0.6500, 61.0000, 73.0000, 0.0000, 0.0000, 1.0000, 0.0091, 0.0166, 0.4539, 2.4980
0.3000, 0.3000, 0.2000, 0.6500, 61.0000, 73.0000, 0.0000, 0.0000, 1.0000, 0.0091, 0.0166, 0.4539, 2.4980
0.8000, 0.6000, 0.5000, 1.1000, 61.0000, 69.0000, 0.0000, 0.0000, 0.0000, 0.0091, 0.0149, 0.7400, 0.6999
0.3000, 0.3000, 0.2000, 0.6500, 61.0000, 73.0000, 0.0000, 0.0000, 1.0000, 0.0091, 0.0166, 0.4539, 2.4980
0.8000, 0.6000, 0.5000, 1.1000, 61.0000, 69.0000, 0.0000, 0.0000, 0.0000, 0.0091, 0.0149, 0.7400, 0.6999
0.4000, 0.3000, 0.2000, 0.6500, 61.0000, 73.0000, 0.0000, 0.0000, 1.0000, 0.0091, 0.0167, 0.4542, 2.5453
0.8000, 0.6000, 0.5000, 1.1000, 61.0000, 69.0000, 0.0000, 0.0000, 0.0000, 0.0091, 0.0149, 0.7400, 0.6999
0.4000, 0.3000, 0.2000, 0.6500, 61.0000, 73.0000, 0.0000, 0.0000, 1.0000, 0.0091, 0.0167, 0.4542, 2.5453
0.8000, 0.6000, 0.5000, 1.1000, 61.0000, 69.0000, 0.0000, 0.0000, 0.0000, 0.0091, 0.0149, 0.7400, 0.6999
0.4000, 0.3000, 0.2000, 0.6500, 61.0000, 73.0000, 0.0000, 0.0000, 1.0000, 0.0091, 0.0167, 0.4542, 2.5453
0.8000, 0.6000, 0.5000, 1.1000, 61.0000, 69.0000, 0.0000, 0.0000, 0.0000, 0.0091, 0.0149, 0.7400, 0.6999
0.4000, 0.3000, 0.2000, 0.6500, 61.0000, 73.0000, 0.0000, 0.0000, 1.0000, 0.0091, 0.0167, 0.4542, 2.5453
0.8000, 0.6000, 0.5000, 1.1000, 61.0000, 69.0000, 0.0000, 0.0000, 0.0000, 0.0091, 0.0149, 0.7400, 0.6999
0.4000, 0.3000, 0.2000, 0.6500, 61.0000, 73.0000, 0.0000, 0.0000, 1.0000, 0.0091, 0.0167, 0.4542, 2.5453
0.4000, 0.3000, 0.2000, 0.6500, 61.0000, 73.0000, 0.0000, 0.0000, 1.0000, 0.0091, 0.0167, 0.4542, 2.5453
0.8000, 0.6000, 0.5000, 1.1000, 61.0000, 69.0000, 0.0000, 0.0000, 0.0000, 0.0091, 0.0149, 0.7400, 0.6999
0.4000, 0.3000, 0.2000, 0.6500, 61.0000, 73.0000, 0.0000, 0.0000, 1.0000, 0.0091, 0.0167, 0.4542, 2.5453
0.8000, 0.6000, 0.5000, 1.1000, 61.0000, 69.0000, 0.0000, 0.0000, 0.0000, 0.0091, 0.0149, 0.7400, 0.6999
0.4000, 0.3000, 0.2000, 0.6500, 61.0000, 73.0000, 0.0000, 0.0000, 1.0000, 0.0091, 0.0167, 0.4542, 2.5453
0.8000, 0.6000, 0.5000, 1.1000, 61.0000, 69.0000, 0.0000, 0.0000, 0.0000, 0.0091, 0.0149, 0.7400, 0.6999
0.4000, 0.3000, 0.2000, 0.6500, 61.0000, 73.0000, 0.0000, 0.0000, 1.0000, 0.0091, 0.0167, 0.4542, 2.5453
0.8000, 0.6000, 0.5000, 1.1000, 61.0000, 69.0000, 0.0000, 0.0000, 0.0000, 0.0091, 0.0149, 0.7400, 0.6999
0.4000, 0.3000, 0.2000, 0.6500, 61.0000, 73.0000, 0.0000, 0.0000, 1.0000, 0.0091, 0.0167, 0.4542, 2.5453
0.8000, 0.6000, 0.5000, 1.1000, 61.0000, 69.0000, 0.0000, 0.0000, 0.0000, 0.0091, 0.0149, 0.7400, 0.6999
0.4000, 0.3000, 0.2000, 0.6500, 61.0000, 73.0000, 0.0000, 0.0000, 1.0000, 0.0091, 0.0167, 0.4542, 2.5453
0.4000, 0.3000, 0.2000, 0.6500, 61.0000, 73.0000, 0.0000, 0.0000, 1.0000, 0.0091, 0.0167, 0.4542, 2.5453
0.8000, 0.6000, 0.5000, 1.1000, 61.0000, 69.0000, 0.0000, 0.0000, 0.0000, 0.0091, 0.0149, 0.7400, 0.6999
0.4000, 0.3000, 0.2000, 0.6500, 61.0000, 73.0000, 0.0000, 0.0000, 1.0000, 0.0091, 0.0167, 0.4542, 2.5453
0.8000, 0.6000, 0.5000, 1.1000, 61.0000, 69.0000, 0.0000, 0.0000, 0.0000, 0.0091, 0.0149, 0.7400, 0.6999
0.4000, 0.3000, 0.2000, 0.6500, 61.0000, 73.0000, 0.0000, 0.0000, 1.0000, 0.0091, 0.0167, 0.4542, 2.5453
0.8000, 0.6000, 0.5000, 1.1000, 61.0000, 69.0000, 0.0000, 0.0000, 0.0000, 0.0091, 0.0149, 0.7400, 0.6999
0.4000, 0.3000, 0.2000, 0.6500, 61.0000, 73.0000, 0.0000, 0.0000, 1.0000, 0.0091, 0.0167, 0.4542, 2.5453
0.8000, 0.6000, 0.5000, 1.1000, 61.0000, 69.0000, 0.0000, 0.0000, 0.0000, 0.0091, 0.0149, 0.7400, 0.6999
0.4000, 0.3000, 0.2000, 0.6500, 61.0000, 73.0000, 0.0000, 0.0000, 1.0000, 0.0091, 0.0167, 0.4542, 2.5453
0.8000, 0.6000, 0.5000, 1.1000, 61.0000, 69.0000, 0.0000, 0.0000, 0.0000, 0.0091, 0.0149, 0.7400, 0.6999
0.4000, 0.3000, 0.2000, 0.6500, 61.0000, 73.0000, 0.0000, 0.0000, 1.0000, 0.0091, 0.0167, 0.4542, 2.5453
0.8000, 0.6000, 0.5000, 1.1000, 61.0000, 69.0000, 0.0000, 0.0000, 0.0000, 0.0091, 0.0149, 0.7400, 0.6999
0.4000, 0.3000, 0.2000, 0.6500, 61.0000, 73.0000, 0.0000, 0.0000, 1.0000, 0.0091, 0.0167, 0.4542, 2.5453
0.4000, 0.3000, 0.2000, 0.6500, 61.0000, 73.0000, 0.0000, 0.0000, 1.0000, 0.0091, 0.0167, 0.4542, 2.5453
0.8000, 0.6000, 0.5000, 1.1000, 61.0000, 69.0000, 0.0000, 0.0000, 0.0000, 0.0091, 0.0149, 0.7400, 0.6999
0.4000, 0.3000, 0.2000, 0.6500, 61.0000, 73.0000, 0.0000, 0.0000, 1.0000, 0.0091, 0.0167, 0.4542, 2.5453
0.8000, 0.6000, 0.5000, 1.1000, 61.0000, 69.0000, 0.0000, 0.0000, 0.0000, 0.0091, 0.0149, 0.7400, 0.6999
0.4000, 0.3000, 0.2000, 0.6500, 61.0000, 73.0000, 0.0000, 0.0000, 1.0000, 0.0091, 0.0167, 0.4542, 2.5453
0.8000, 0.6000, 0.5000, 1.1000, 61.0000, 69.0000, 0.0000, 0.0000, 0.0000, 0.0091, 0.0149, 0.7400, 0.6999
0.4000, 0.3000, 0.2000, 0.6500, 61.0000, 73.0000, 0.0000, 0.0000, 1.0000, 0.0091, 0.0167, 0.4542, 2.5453
0.8000, 0.6000, 0.5000, 1.1000, 61.0000, 69.0000, 0.0000, 0.0000, 0.0000, 0.0091, 0.0149, 0.7400, 0.6999
0.4000, 0.3000, 0.2000, 0.6500, 61.0000, 73.0000, 0.0000, 0.0000, 1.0000, 0.0091, 0.0167, 0.4542, 2.5453
0.8000, 0.6000, 0.5000, 1.1000, 61.0000, 69.0000, 0.0000, 0.0000, 0.0000, 0.0091, 0.0149, 0.7400, 0.6999
0.4000, 0.3000, 0.2000, 0.6500, 61.0000, 73.0000, 0.0000, 0.0000, 1.0000, 0.0091, 0.0167, 0.4542, 2.5453
0.4000, 0.3000, 0.2000, 0.6500, 61.0000, 73.0000, 0.0000, 0.0000, 1.0000, 0.0091, 0.0167, 0.4542, 2.5453
0.8000, 0.6000, 0.5000, 1.1000, 61.0000, 69.0000, 0.0000, 0.0000, 0.0000, 0.0091, 0.0149, 0.7400, 0.6999
0.4000, 0.3000, 0.2000, 0.6500, 61.0000, 73.0000, 0.0000, 0.0000, 1.0000, 0.0091, 0.0167, 0.4542, 2.5453
0.8000, 0.6000, 0.5000, 1.1000, 61.0000, 69.0000, 0.0000, 0.0000, 0.0000, 0.0091, 0.0149, 0.7400, 0.6999
0.4000, 0.3000, 0.2000, 0.6500, 61.0000, 73.0000, 0.0000, 0.0000, 1.0000, 0.0091, 0.0167, 0.4542, 2.5453
0.8000, 0.6000, 0.5000, 1.1000, 61.0000, 69.0000, 0.0000, 0.0000, 0.0000, 0.0091, 0.0149, 0.7400, 0.6999
0.4000, 0.3000, 0.2000, 0.6500, 61.0000, 73.0000, 0.0000, 0.0000, 1.0000, 0.0091, 0.0167, 0.4542, 2.5453
0.8000, 0.6000, 0.5000, 1.1000, 61.0000, 69.0000, 0.0000, 0.0000, 0.0000, 0.0091, 0.0149, 0.7400, 0.6999
0.4000, 0.3000, 0.2000, 0.6500, 61.0000, 73.0000, 0.0000, 0.0000, 1.0000, 0.0091, 0.0167, 0.4542, 2.5453
0.8000, 0.6000, 0.5000, 1.1000, 61.0000, 69.0000, 0.0000, 0.0000, 0.0000, 0.0091, 0.0149, 0.7400, 0.6999
0.4000, 0.3000, 0.2000, 0.6500, 61.0000, 73.0000, 0.0000, 0.0000, 1.0000, 0.0091, 0.0167, 0.4542, 2.5453
0.8000, 0.6000, 0.5000, 1.1000, 61.0000, 69.0000, 0.0000, 0.0000, 0.0000, 0.0091, 0.0149, 0.7400, 0.6999
0.4000, 0.3000, 0.2000, 0.6500, 61.0000, 73.0000, 0.0000, 0.0000, 1.0000, 0.0091, 0.0167, 0.4542, 2.5453
0.4000, 0.3000, 0.2000, 0.6500, 61.0000, 73.0000, 0.0000, 0.0000, 1.0000, 0.0091, 0.0167, 0.4542, 2.5453
0.8000, 0.6000, 0.5000, 1.1000, 61.0000, 69.0000, 0.0000, 0.0000, 0.0000, 0.0091, 0.0149, 0.7400, 0.6999
0.4000, 0.3000, 0.2000, 0.6500, 61.0000, 73.0000, 0.0000, 0.0000, 1.0000, 0.0091, 0.0167, 0.4542, 2.5453
0.8000, 0.6000, 0.5000, 1.1000, 61.0000, 69.0000, 0.0000, 0.0000, 0.0000, 0.0091, 0.0149, 0.7400, 0.6999
0.4000, 0.3000, 0.2000, 0.6500, 61.0000, 73.0000, 0.0000, 0.0000, 1.0000, 0.0091, 0.0167, 0.4542, 2.5453
0.8000, 0.6000, 0.5000, 1.1000, 61.0000, 69.0000, 0.0000, 0.0000, 0.0000, 0.0091, 0.0149, 0.7400, 0.6999
0.4000, 0.3000, 0.2000, 0.6500, 61.0000, 73.0000, 0.0000, 0.0000, 1.0000, 0.0091, 0.0167, 0.4542, 2.5453
0.8000, 0.6000, 0.5000, 1.1000, 61.0000, 69.0000, 0.0000, 0.0000, 0.0000, 0.0091, 0.0149, 0.7400, 0.6999
0.4000, 0.3000, 0.2000, 0.6500, 61.0000, 73.0000, 0.0000, 0.0000, 1.0000, 0.0091, 0.0167, 0.4542, 2.5453
0.8000, 0.6000, 0.5000, 1.1000, 61.0000, 69.0000, 0.0000, 0.0000, 0.0000, 0.0091, 0.0149, 0.7400, 0.6999
0.4000, 0.3000, 0.2000, 0.6500, 61.0000, 73.0000, 0.0000, 0.0000, 1.0000, 0.0091, 0.0167, 0.4542, 2.5453
0.4000, 0.3000, 0.2000, 0.6500, 61.0000, 73.0000, 0.0000, 0.0000, 1.0000, 0.0091, 0.0167, 0.4542, 2.5453
0.8000, 0.6000, 0.5000, 1.1000, 61.0000, 69.0000, 0.0000, 0.0000, 0.0000, 0.0091, 0.0149, 0.7400, 0.6999
0.4000, 0.3000, 0.2000, 0.6500, 61.0000, 73.0000, 0.0000, 0.0000, 1.0000, 0.0091, 0.0167, 0.4542, 2.5453
0.8000, 0.6000, 0.5000, 1.1000, 61.0000, 69.0000, 0.0000, 0.0000, 0.0000, 0.0091, 0.0149, 0.7400, 0.6999
0.4000, 0.3000, 0.2000, 0.6500, 61.0000, 73.0000, 0.0000, 0.0000, 1.0000, 0.0091, 0.0167, 0.4542, 2.5453
0.8000, 0.6000, 0.5000, 1.1000, 61.0000, 69.0000, 0.0000, 0.0000, 0.0000, 0.0091, 0.0149, 0.7400, 0.6999
0.4000, 0.3000, 0.2000, 0.6500, 61.0000, 73.0000, 0.0000, 0.0000, 1.0000, 0.0091, 0.0167, 0.4542, 2.5453
0.8000, 0.6000, 0.5000, 1.1000, 61.0000, 69.0000, 0.0000, 0.0000, 0.0000, 0.0091, 0.0149, 0.7400, 0.6999
0.4000, 0.3000, 0.2000, 0.6500, 61.0000, 73.0000, 0.0000, 0.0000, 1.0000, 0.0091, 0.0167, 0.4542, 2.5453
0.8000, 0.6000, 0.5000, 1.1000, 61.0000, 69.0000, 0.0000, 0.0000, 0.0000, 0.0091, 0.0149, 0.7400, 0.6999
0.4000, 0.3000, 0.2000, 0.6500, 61.0000, 73.0000, 0.0000, 0.0000, 1.0000, 0.0091, 0.0167, 0.4542, 2.5453
0.8000, 0.6000, 0.5000, 1.1000, 61.0000, 69.0000, 0.0000, 0.0000, 0.0000, 0.0091, 0.0149, 0.7400, 0.6999
0.4000, 0.3000, 0.2000, 0.6500, 61.0000, 73.0000, 0.0000, 0.0000, 1.0000, 0.0091, 0.0167, 0.4542, 2.5453
0.4000, 0.3000, 0.2000, 0.6500, 61.0000, 73.0000, 0.0000, 0.0000, 1.0000, 0.0091, 0.0167, 0.4542, 2.5453
0.8000, 0.6000, 0.5000, 1.1000, 61.0000, 69.0000, 0.0000, 0.0000, 0.0000, 0.0091, 0.0149, 0.7400, 0.6999
0.4000, 0.3000, 0.2000, 0.6500, 61.0000, 73.0000, 0.0000, 0.0000, 1.0000, 0.0091, 0.0167, 0.4542, 2.5453
0.8000, 0.6000, 0.5000, 1.1000, 61.0000, 69.0000, 0.0000, 0.0000, 0.0000, 0.0091, 0.0149, 0.7400, 0.6999
0.4000, 0.3000, 0.2000, 0.6500, 61.0000, 73.0000, 0.0000, 0.0000, 1.0000, 0.0091, 0.0167, 0.4542, 2.5453
0.8000, 0.6000, 0.5000, 1.1000, 61.0000, 69.0000, 0.0000, 0.0000, 0.0000, 0.0091, 0.0149, 0.7400, 0.6999
0.4000, 0.3000, 0.2000, 0.6500, 61.0000, 73.0000, 0.0000, 0.0000, 1.0000, 0.0091, 0.0167, 0.4542, 2.5453
0.8000, 0.6000, 0.5000, 1.1000, 61.0000, 69.0000, 0.0000, 0.0000, 0.0000, 0.0091, 0.0149, 0.7400, 0.6999
0.4000, 0.3000, 0.2000, 0.6500, 61.0000, 73.0000, 0.0000, 0.0000, 1.0000, 0.0091, 0.0167, 0.4542, 2.5453
0.8000, 0.6000, 0.5000, 1.1000, 61.0000, 69.0000, 0.0000, 0.0000, 0.0000, 0.0091, 0.0149, 0.7400, 0.6999
0.4000, 0.3000, 0.2000, 0.6500, 61.0000, 73.0000, 0.0000, 0.0000, 1.0000, 0.0091, 0.0167, 0.4542, 2.5453
0.4000, 0.3000, 0.2000, 0.6500, 61.0000, 73.0000, 0.0000, 0.0000, 1.0000, 0.0091, 0.0167, 0.4542, 2.5453
0.8000, 0.6000, 0.5000, 1.1000, 61.0000, 69.0000, 0.0000, 0.0000, 0.0000, 0.0091, 0.0149, 0.7400, 0.6999
0.4000, 0.3000, 0.2000, 0.6500, 61.0000, 73.0000, 0.0000, 0.0000, 1.0000, 0.0091, 0.0167, 0.4542, 2.5453
0.8000, 0.6000, 0.5000, 1.1000, 61.0000, 69.0000, 0.0000, 0.0000, 0.0000, 0.0091, 0.0149, 0.7400, 0.6999
0.4000, 0.3000, 0.2000, 0.6500, 61.0000, 73.0000, 0.0000, 0.0000, 1.0000, 0.0091, 0.0167, 0.4542, 2.5453
0.8000, 0.6000, 0.5000, 1.1000, 61.0000, 69.0000, 0.0000, 0.0000, 0.0000, 0.0091, 0.0149, 0.7400, 0.6999
0.4000, 0.3000, 0.2000, 0.6500, 61.0000, 73.0000, 0.0000, 0.0000, 1.0000, 0.0091, 0.0167, 0.4542, 2.5453
0.8000, 0.6000, 0.5000, 1.1000, 61.0000, 69.0000, 0.0000, 0.0000, 0.0000, 0.0091, 0.0149, 0.7400, 0.6999
0.4000, 0.3000, 0.2000, 0.6500, 61.0000, 73.0000, 0.0000, 0.0000, 1.0000, 0.0091, 0.0167, 0.4542, 2.5453
0.8000, 0.6000, 0.5000, 1.1000, 61.0000, 69.0000, 0.0000, 0.0000, 0.0000, 0.0091, 0.0149, 0.7400, 0.6999
0.4000, 0.3000, 0.2000, 0.6500, 61.0000, 73.0000, 0.0000, 0.0000, 1.0000, 0.0091, 0.0167, 0.4542, 2.5453
0.8000, 0.6000, 0.5000, 1.1000, 61.0000, 69.0000, 0.0000, 0.0000, 0.0000, 0.0091, 0.0149, 0.7400, 0.6999
0.4000, 0.3000, 0.2000, 0.6500, 61.0000, 73.0000, 0.0000, 0.0000, 1.0000, 0.0091, 0.0167, 0.4542, 2.5453
0.4000, 0.3000, 0.2000, 0.6500, 61.0000, 73.0000, 0.0000, 0.0000, 1.0000, 0.0091, 0.0167, 0.4542, 2.5453
0.8000, 0.6000, 0.5000, 1.1000, 61.0000, 69.0000, 0.0000, 0.0000, 0.0000, 0.0091, 0.0149, 0.7400, 0.6999
0.4000, 0.3000, 0.2000, 0.6500, 61.0000, 73.0000, 0.0000, 0.0000, 1.0000, 0.0091, 0.0167, 0.4542, 2.5453
0.8000, 0.6000, 0.5000, 1.1000, 61.0000, 69.0000, 0.0000, 0.0000, 0.0000, 0.0091, 0.0149, 0.7400, 0.6999
0.4000, 0.3000, 0.2000, 0.6500, 61.0000, 73.0000, 0.0000, 0.0000, 1.0000, 0.0091, 0.0167, 0.4542, 2.5453
0.8000, 0.6000, 0.5000, 1.1000, 61.0000, 69.0000, 0.0000, 0.0000, 0.0000, 0.0091, 0.0149, 0.7400, 0.6999
0.4000, 0.3000, 0.2000, 0.6500, 61.0000, 73.0000, 0.0000, 0.0000, 1.0000, 0.0091, 0.0167, 0.4542, 2.5453
0.8000, 0.6000, 0.5000, 1.1000, 61.0000, 69.0000, 0.0000, 0.0000, 0.0000, 0.0091, 0.0149, 0.7400, 0.6999
0.4000, 0.3000, 0.2000, 0.6500, 61.0000, 73.0000, 0.0000, 0.0000, 1.0000, 0.0091, 0.0167, 0.4542, 2.5453
0.8000, 0.6000, 0.5000, 1.1000, 61.0000, 69.0000, 0.0000, 0.0000, 0.0000, 0.0091, 0.0149, 0.7400, 0.6999
0.4000, 0.3000, 0.2000, 0.6500, 61.0000, 73.0000, 0.0000, 0.0000, 1.0000, 0.0091, 0.0167, 0.4542, 2.5453
0.4000, 0.3000, 0.2000, 0.6500, 61.0000, 73.0000, 0.0000, 0.0000, 1.0000, 0.0091, 0.0167, 0.4542, 2.5453
0.8000, 0.6000, 0.5000, 1.1000, 61.0000, 69.0000, 0.0000, 0.0000, 0.0000, 0.0091, 0.0149, 0.7400, 0.6999
0.4000, 0.3000, 0.2000, 0.6500, 61.0000, 73.0000, 0.0000, 0.0000, 1.0000, 0.0091, 0.0167, 0.4542, 2.5453
0.8000, 0.6000, 0.5000, 1.1000, 61.0000, 69.0000, 0.0000, 0.0000, 0.0000, 0.0091, 0.0149, 0.7400, 0.6999
0.4000, 0.3000, 0.2000, 0.6500, 61.0000, 73.0000, 0.0000, 0.0000, 1.0000, 0.0091, 0.0167, 0.4542, 2.5453
0.8000, 0.6000, 0.5000, 1.1000, 61.0000, 69.0000, 0.0000, 0.0000, 0.0000, 0.0091, 0.0149, 0.7400, 0.6999
0.4000, 0.3000, 0.2000, 0.6500, 61.0000, 73.0000, 0.0000, 0.0000, 1.0000, 0.0091, 0.0167, 0.4542, 2.5453
0.8000, 0.6000, 0.5000, 1.1000, 61.0000, 69.0000, 0.0000, 0.0000, 0.0000, 0.0091, 0.0149, 0.7400, 0.6999
0.4000, 0.3000, 0.2000, 0.6500, 61.0000, 73.0000, 0.0000, 0.0000, 1.0000, 0.0091, 0.0167, 0.4542, 2.5453
0.8000, 0.6000, 0.5000, 1.1000, 61.0000, 69.0000, 0.0000, 0.0000, 0.0000, 0.0091, 0.0149, 0.7400, 0.6999
0.4000, 0.3000, 0.2000, 0.6500, 61.0000, 73.0000, 0.0000, 0.0000, 1.0000, 0.0091, 0.0167, 0.4542, 2.5453
0.8000, 0.6000, 0.5000, 1.1000, 61.0000, 69.0000, 0.0000, 0.0000, 0.0000, 0.0091, 0.0149, 0.7400, 0.6999
0.4000, 0.3000, 0.2000, 0.6500, 61.0000, 73.0000, 0.0000, 0.0000, 1.0000, 0.0091, 0.0167, 0.4542, 2.5453
0.4000, 0.3000, 0.2000, 0.6500, 61.0000, 73.0000, 0.0000, 0.0000, 1.0000, 0.0091, 0.0167, 0.4542, 2.5453
0.8000, 0.6000, 0.5000, 1.1000, 61.0000, 69.0000, 0.0000, 0.0000, 0.0000, 0.0091, 0.0149, 0.7400, 0.6999
0.4000, 0.3000, 0.2000, 0.6500, 61.0000, 73.0000, 0.0000, 0.0000, 1.0000, 0.0091, 0.0167, 0.4542, 2.5453
0.8000, 0.6000, 0.5000, 1.1000, 61.0000, 69.0000, 0.0000, 0.0000, 0.0000, 0.0091, 0.0149, 0.7400, 0.6999
0.4000, 0.3000, 0.2000, 0.6500, 61.0000, 73.0000, 0.0000, 0.0000, 1.0000, 0.0091, 0.0167, 0.4542, 2.5453
0.8000, 0.6000, 0.5000, 1.1000, 61.0000, 69.0000, 0.0000, 0.0000, 0.0000, 0.0091, 0.0149, 0.7400, 0.6999
0.4000, 0.3000, 0.2000, 0.6500, 61.0000, 73.0000, 0.0000, 0.0000, 1.0000, 0.0091, 0.0167, 0.4542, 2.5453
0.8000, 0.6000, 0.5000, 1.1000, 61.0000, 69.0000, 0.0000, 0.0000, 0.0000, 0.0091, 0.0149, 0.7400, 0.6999
0.4000, 0.3000, 0.2000, 0.6500, 61.0000, 73.0000, 0.0000, 0.0000, 1.0000, 0.0091, 0.0167, 0.4542, 2.5453
0.8000, 0.6000, 0.5000, 1.1000, 61.0000, 69.0000, 0.0000, 0.0000, 0.0000, 0.0091, 0.0149, 0.7400, 0.6999
0.4000, 0.3000, 0.2000, 0.6500, 61.0000, 73.0000, 0.0000, 0.0000, 1.0000, 0.0091, 0.0167, 0.4542, 2.5453
0.4000, 0.3000, 0.2000, 0.6500, 61.0000, 73.0000, 0.0000, 0.0000, 1.0000, 0.0091, 0.0167, 0.4542, 2.5453
0.8000, 0.6000, 0.5000, 1.1000, 61.0000, 69.0000, 0.0000, 0.0000, 0.0000, 0.0091, 0.0149, 0.7400, 0.6999
0.4000, 0.3000, 0.2000, 0.6500, 61.0000, 73.0000, 0.0000, 0.0000, 1.0000, 0.0091, 0.0167, 0.4542, 2.5453
0.8000, 0.6000, 0.5000, 1.1000, 61.0000, 69.0000, 0.0000, 0.0000, 0.0000, 0.0091, 0.0149, 0.7400, 0.6999
0.4000, 0.3000, 0.2000, 0.6500, 61.0000, 73.0000, 0.0000, 0.0000, 1.0000, 0.0091, 0.0167, 0.4542, 2.5453
0.8000, 0.6000, 0.5000, 1.1000, 61.0000, 69.0000, 0.0000, 0.0000, 0.0000, 0.0091, 0.0149, 0.7400, 0.6999
0.4000, 0.3000, 0.2000, 0.6500, 61.0000, 73.0000, 0.0000, 0.0000, 1.0000, 0.0091, 0.0167, 0.4542, 2.5453
0.8000, 0.6000, 0.5000, 1.1000, 61.0000, 69.0000, 0.0000, 0.0000, 0.0000, 0.0091, 0.0149, 0.7400, 0.6999
0.4000, 0.3000, 0.2000, 0.6500, 61.0000, 73.0000, 0.0000, 0.0000, 1.0000, 0.0091, 0.0167, 0.4542, 2.5453
0.8000, 0.6000, 0.5000, 1.1000, 61.0000, 69.0000, 0.0000, 0.0000, 0.0000, 0.0091, 0.0149, 0.7400, 0.6999
0.4000, 0.3000, 0.2000, 0.6500, 61.0000, 73.0000, 0.0000, 0.0000, 1.0000, 0.0091, 0.0167, 0.4542, 2.5453
0.8000, 0.6000, 0.5000, 1.1000, 61.0000, 69.0000, 0.0000, 0.0000, 0.0000, 0.0091, 0.0149, 0.7400, 0.6999
0.4000, 0.3000, 0.2000, 0.6500, 61.0000, 73.0000, 0.0000, 0.0000, 1.0000, 0.0091, 0.0167, 0.4542, 2.5453
0.4000, 0.3000, 0.2000, 0.6500, 61.0000, 73.0000, 0.0000, 0.0000, 1.0000, 0.0091, 0.0167, 0.4542, 2.5453
0.8000, 0.6000, 0.5000, 1.1000, 61.0000, 69.0000, 0.0000, 0.0000, 0.0000, 0.0091, 0.0149, 0.7400, 0.6999
0.4000, 0.3000, 0.2000, 0.6500, 61.0000, 73.0000, 0.0000, 0.0000, 1.0000, 0.0091, 0.0167, 0.4542, 2.5453
0.8000, 0.6000, 0.5000, 1.1000, 61.0000, 69.0000, 0.0000, 0.0000, 0.0000, 0.0091, 0.0149, 0.7400, 0.6999
0.4000, 0.3000, 0.2000, 0.6500, 61.0000, 73.0000, 0.0000, 0.0000, 1.0000, 0.0091, 0.0167, 0.4542, 2.5453
0.8000, 0.6000, 0.5000, 1.1000, 61.0000, 69.0000, 0.0000, 0.0000, 0.0000, 0.0091, 0.0149, 0.7400, 0.6999
0.4000, 0.3000, 0.2000, 0.6500, 61.0000, 73.0000, 0.0000, 0.0000, 1.0000, 0.0091, 0.0167, 0.4542, 2.5453
0.8000, 0.6000, 0.5000, 1.1000, 61.0000, 69.0000, 0.0000, 0.0000, 0.0000, 0.0091, 0.0149, 0.7400, 0.6999
0.4000, 0.3000, 0.2000, 0.6500, 61.0000, 73.0000, 0.0000, 0.0000, 1.0000, 0.0091, 0.0167, 0.4542, 2.5453
0.8000, 0.6000, 0.5000, 1.1000, 61.0000, 69.0000, 0.0000, 0.0000, 0.0000, 0.0091, 0.0149, 0.7400, 0.6999
0.4000, 0.3000, 0.2000, 0.6500, 61.0000, 73.0000, 0.0000, 0.0000, 1.0000, 0.0091, 0.0167, 0.4542, 2.5453
0.4000, 0.3000, 0.2000, 0.6500, 61.0000, 73.0000, 0.0000, 0.0000, 1.0000, 0.0091, 0.0167, 0.4542, 2.5453
0.8000, 0.6000, 0.5000, 1.1000, 61.0000, 69.0000, 0.0000, 0.0000, 0.0000, 0.0091, 0.0149, 0.7400, 0.6999
0.4000, 0.3000, 0.2000, 0.6500, 61.0000, 73.0000, 0.0000, 0.0000, 1.0000, 0.0091, 0.0167, 0.4542, 2.5453
0.8000, 0.6000, 0.5000, 1.1000, 61.0000, 69.0000, 0.0000, 0.0000, 0.0000, 0.0091, 0.0149, 0.7400, 0.6999
0.4000, 0.3000, 0.2000, 0.6500, 61.0000, 73.0000, 0.0000, 0.0000, 1.0000, 0.0091, 0.0167, 0.4542, 2.5453
0.8000, 0.6000, 0.5000, 1.1000, 61.0000, 69.0000, 0.0000, 0.0000, 0.0000, 0.0091, 0.0149, 0.7400, 0.6999
0.4000, 0.3000, 0.2000, 0.6500, 61.0000, 73.0000, 0.0000, 0.0000, 1.0000, 0.0091, 0.0167, 0.4542, 2.5453
0.8000, 0.6000, 0.5000, 1.1000, 61.0000, 69.0000, 0.0000, 0.0000, 0.0000, 0.0091, 0.0149, 0.7400, 0.6999
0.4000, 0.3000, 0.2000, 0.6500, 61.0000, 73.0000, 0.0000, 0.0000, 1.0000, 0.0091, 0.0167, 0.4542, 2.5453
0.8000, 0.6000, 0.5000, 1.1000, 61.0000, 69.0000, 0.0000, 0.0000, 0.0000, 0.0091, 0.0149, 0.7400, 0.6999
0.4000, 0.3000, 0.2000, 0.6500, 61.0000, 73.0000, 0.0000, 0.0000, 1.0000, 0.0091, 0.0167, 0.4542, 2.5453
0.8000, 0.6000, 0.5000, 1.1000, 61.0000, 69.0000, 0.0000, 0.0000, 0.0000, 0.0091, 0.0149, 0.7400, 0.6999
0.4000, 0.3000, 0.2000, 0.6500, 61.0000, 73.0000, 0.0000, 0.0000, 1.0000, 0.0091, 0.0167, 0.4542, 2.5453
0.4000, 0.3000, 0.2000, 0.6500, 61.0000, 73.0000, 0.0000, 0.0000, 1.0000, 0.0091, 0.0167, 0.4542, 2.5453
0.8000, 0.6000, 0.5000, 1.1000, 61.0000, 69.0000, 0.0000, 0.0000, 0.0000, 0.0091, 0.0149, 0.7400, 0.6999
0.4000, 0.3000, 0.2000, 0.6500, 61.0000, 73.0000, 0.0000, 0.0000, 1.0000, 0.0091, 0.0167, 0.4542, 2.5453
0.8000, 0.6000, 0.5000, 1.1000, 61.0000, 69.0000, 0.0000, 0.0000, 0.0000, 0.0091, 0.0149, 0.7400, 0.6999
0.4000, 0.3000, 0.2000, 0.6500, 61.0000, 73.0000, 0.0000, 0.0000, 1.0000, 0.0091, 0.0167, 0.4542, 2.5453
0.8000, 0.6000, 0.5000, 1.1000, 61.0000, 69.0000, 0.0000, 0.0000, 0.0000, 0.0091, 0.0149, 0.7400, 0.6999
0.4000, 0.3000, 0.2000, 0.6500, 61.0000, 73.0000, 0.0000, 0.0000, 1.0000, 0.0091, 0.0167, 0.4542, 2.5453
0.8000, 0.6000, 0.5000, 1.1000, 61.0000, 69.0000, 0.0000, 0.0000, 0.0000, 0.0091, 0.0149, 0.7400, 0.6999
0.4000, 0.4000, 0.3000, 0.8000, 61.0000, 73.0000, 0.0000, 0.0000, 1.0000, 0.0091, 0.0162, 0.6933, 2.3774
0.8000, 0.6000, 0.5000, 1.1000, 61.0000, 69.0000, 0.0000, 0.0000, 0.0000, 0.0091, 0.0149, 0.7400, 0.6999
0.4000, 0.4000, 0.3000, 0.8000, 61.0000, 73.0000, 0.0000, 0.0000, 1.0000, 0.0091, 0.0162, 0.6933, 2.3774
0.4000, 0.4000, 0.3000, 0.8000, 61.0000, 73.0000, 0.0000, 0.0000, 1.0000, 0.0091, 0.0162, 0.6933, 2.3774
0.8000, 0.6000, 0.5000, 1.1000, 61.0000, 69.0000, 0.0000, 0.0000, 0.0000, 0.0091, 0.0149, 0.7400, 0.6999
0.4000, 0.4000, 0.3000, 0.8000, 61.0000, 73.0000, 0.0000, 0.0000, 1.0000, 0.0091, 0.0162, 0.6933, 2.3774
0.8000, 0.6000, 0.5000, 1.1000, 61.0000, 69.0000, 0.0000, 0.0000, 0.0000, 0.0091, 0.0149, 0.7400, 0.6999
0.4000, 0.4000, 0.3000, 0.8000, 61.0000, 73.0000, 0.0000, 0.0000, 1.0000, 0.0091, 0.0162, 0.6933, 2.3774
0.8000, 0.6000, 0.5000, 1.1000, 61.0000, 69.0000, 0.0000, 0.0000, 0.0000, 0.0091, 0.0149, 0.7400, 0.6999
0.4000, 0.4000, 0.3000, 0.8000, 61.0000, 73.0000, 0.0000, 0.0000, 1.0000, 0.0091, 0.0162, 0.6933, 2.3774
0.8000, 0.6000, 0.5000, 1.1000, 61.0000, 69.0000, 0.0000, 0.0000, 0.0000, 0.0091, 0.0149, 0.7400, 0.6999
0.4000, 0.4000, 0.3000, 0.8000, 61.0000, 73.0000, 0.0000, 0.0000, 1.0000, 0.0091, 0.0162, 0.6933, 2.3774
0.8000, 0.6000, 0.5000, 1.1000, 61.0000, 69.0000, 0.0000, 0.0000, 0.0000, 0.0091, 0.0149, 0.7400, 0.6999
0.4000, 0.4000, 0.3000, 0.8000, 61.0000, 73.0000, 0.0000, 0.0000, 1.0000, 0.0091, 0.0162, 0.6933, 2.3774
0.8000, 0.6000, 0.5000, 1.1000, 61.0000, 69.0000, 0.0000, 0.0000, 0.0000, 0.0091, 0.0149, 0.7400, 0.6999
0.4000, 0.4000, 0.3000, 0.8000, 61.0000, 73.0000, 0.0000, 0.0000, 1.0000, 0.0091, 0.0162, 0.6933, 2.3774
0.4000, 0.4000, 0.3000, 0.8000, 61.0000, 73.0000, 0.0000, 0.0000, 1.0000, 0.0091, 0.0162, 0.6933, 2.3774
0.8000, 0.6000, 0.5000, 1.1000, 61.0000, 69.0000, 0.0000, 0.0000, 0.0000, 0.0091, 0.0149, 0.7400, 0.6999
0.4000, 0.4000, 0.3000, 0.8000, 61.0000, 73.0000, 0.0000, 0.0000, 1.0000, 0.0091, 0.0162, 0.6933, 2.3774
0.8000, 0.6000, 0.5000, 1.1000, 61.0000, 69.0000, 0.0000, 0.0000, 0.0000, 0.0091, 0.0149, 0.7400, 0.6999
0.4000, 0.4000, 0.3000, 0.8000, 61.0000, 73.0000, 0.0000, 0.0000, 1.0000, 0.0091, 0.0162, 0.6933, 2.3774
0.8000, 0.6000, 0.5000, 1.1000, 61.0000, 69.0000, 0.0000, 0.0000, 0.0000, 0.0091, 0.0149, 0.7400, 0.6999
0.4000, 0.4000, 0.3000, 0.8000, 61.0000, 73.0000, 0.0000, 0.0000, 1.0000, 0.0091, 0.0162, 0.6933, 2.3774
0.8000, 0.6000, 0.5000, 1.1000, 61.0000, 69.0000, 0.0000, 0.0000, 0.0000, 0.0091, 0.0149, 0.7400, 0.6999
0.4000, 0.4000, 0.3000, 0.8000, 61.0000, 73.0000, 0.0000, 0.0000, 1.0000, 0.0091, 0.0162, 0.6933, 2.3774
0.8000, 0.6000, 0.5000, 1.1000, 61.0000, 69.0000, 0.0000, 0.0000, 0.0000, 0.0091, 0.0149, 0.7400, 0.6999
0.4000, 0.4000, 0.3000, 0.8000, 61.0000, 73.0000, 0.0000, 0.0000, 1.0000, 0.0091, 0.0162, 0.6933, 2.3774
0.4000, 0.4000, 0.3000, 0.8000, 61.0000, 73.0000, 0.0000, 0.0000, 1.0000, 0.0091, 0.0162, 0.6933, 2.3774
0.8000, 0.6000, 0.5000, 1.1000, 61.0000, 69.0000, 0.0000, 0.0000, 0.0000, 0.0091, 0.0149, 0.7400, 0.6999
0.4000, 0.4000, 0.3000, 0.8000, 61.0000, 73.0000, 0.0000, 0.0000, 1.0000, 0.0091, 0.0162, 0.6933, 2.3774
0.8000, 0.6000, 0.5000, 1.1000, 61.0000, 69.0000, 0.0000, 0.0000, 0.0000, 0.0091, 0.0149, 0.7400, 0.6999
0.4000, 0.4000, 0.3000, 0.8000, 61.0000, 73.0000, 0.0000, 0.0000, 1.0000, 0.0091, 0.0162, 0.6933, 2.3774
0.8000, 0.6000, 0.5000, 1.1000, 61.0000, 69.0000, 0.0000, 0.0000, 0.0000, 0.0091, 0.0149, 0.7400, 0.6999
0.4000, 0.4000, 0.3000, 0.8000, 61.0000, 73.0000, 0.0000, 0.0000, 1.0000, 0.0091, 0.0162, 0.6933, 2.3774
0.8000, 0.6000, 0.5000, 1.1000, 61.0000, 69.0000, 0.0000, 0.0000, 0.0000, 0.0091, 0.0149, 0.7400, 0.6999
0.4000, 0.4000, 0.3000, 0.8000, 61.0000, 73.0000, 0.0000, 0.0000, 1.0000, 0.0091, 0.0162, 0.6933, 2.3774
0.8000, 0.6000, 0.5000, 1.1000, 61.0000, 69.0000, 0.0000, 0.0000, 0.0000, 0.0091, 0.0149, 0.7400, 0.6999
0.4000, 0.4000, 0.3000, 0.8000, 61.0000, 73.0000, 0.0000, 0.0000, 1.0000, 0.0091, 0.0162, 0.6933, 2.3774
0.8000, 0.6000, 0.5000, 1.1000, 61.0000, 69.0000, 0.0000, 0.0000, 0.0000, 0.0091, 0.0149, 0.7400, 0.6999
0.4000, 0.4000, 0.3000, 0.8000, 61.0000, 73.0000, 0.0000, 0.0000, 1.0000, 0.0091, 0.0162, 0.6933, 2.3774
0.4000, 0.4000, 0.3000, 0.8000, 61.0000, 73.0000, 0.0000, 0.0000, 1.0000, 0.0091, 0.0162, 0.6933, 2.3774
0.8000, 0.6000, 0.5000, 1.1000, 61.0000, 69.0000, 0.0000, 0.0000, 0.0000, 0.0091, 0.0149, 0.7400, 0.6999
0.4000, 0.4000, 0.3000, 0.8000, 61.0000, 73.0000, 0.0000, 0.0000, 1.0000, 0.0091, 0.0162, 0.6933, 2.3774
0.8000, 0.6000, 0.5000, 1.1000, 61.0000, 69.0000, 0.0000, 0.0000, 0.0000, 0.0091, 0.0149, 0.7400, 0.6999
0.4000, 0.4000, 0.3000, 0.8000, 61.0000, 73.0000, 0.0000, 0.0000, 1.0000, 0.0091, 0.0162, 0.6933, 2.3774
0.8000, 0.6000, 0.5000, 1.1000, 61.0000, 69.0000, 0.0000, 0.0000, 0.0000, 0.0091, 0.0149, 0.7400, 0.6999
0.5000, 0.4000, 0.3000, 0.8000, 61.0000, 73.0000, 0.0000, 0.0000, 1.0000, 0.0091, 0.0163, 0.6928, 2.4765
0.8000, 0.6000, 0.5000, 1.1000, 61.0000, 69.0000, 0.0000, 0.0000, 0.0000, 0.0091, 0.0149, 0.7400, 0.6999
0.5000, 0.4000, 0.3000, 0.8000, 61.0000, 73.0000, 0.0000, 0.0000, 1.0000, 0.0091, 0.0163, 0.6928, 2.4765
0.8000, 0.6000, 0.5000, 1.1000, 61.0000, 69.0000, 0.0000, 0.0000, 0.0000, 0.0091, 0.0149, 0.7400, 0.6999
0.5000, 0.4000, 0.3000, 0.8000, 61.0000, 73.0000, 0.0000, 0.0000, 1.0000, 0.0091, 0.0163, 0.6928, 2.4765
0.5000, 0.4000, 0.3000, 0.8000, 61.0000, 73.0000, 0.0000, 0.0000, 1.0000, 0.0091, 0.0163, 0.6928, 2.4765
0.8000, 0.6000, 0.5000, 1.1000, 61.0000, 69.0000, 0.0000, 0.0000, 0.0000, 0.0091, 0.0149, 0.7400, 0.6999
0.5000, 0.4000, 0.3000, 0.8000, 61.0000, 73.0000, 0.0000, 0.0000, 1.0000, 0.0091, 0.0163, 0.6928, 2.4765
0.8000, 0.6000, 0.5000, 1.1000, 61.0000, 69.0000, 0.0000, 0.0000, 0.0000, 0.0091, 0.0149, 0.7400, 0.6999
0.5000, 0.4000, 0.3000, 0.8000, 61.0000, 73.0000, 0.0000, 0.0000, 1.0000, 0.0091, 0.0163, 0.6928, 2.4765
0.8000, 0.6000, 0.5000, 1.1000, 61.0000, 69.0000, 0.0000, 0.0000, 0.0000, 0.0091, 0.0149, 0.7400, 0.6999
0.5000, 0.4000, 0.3000, 0.8000, 61.0000, 73.0000, 0.0000, 0.0000, 1.0000, 0.0091, 0.0163, 0.6928, 2.4765
0.8000, 0.6000, 0.5000, 1.1000, 61.0000, 69.0000, 0.0000, 0.0000, 0.0000, 0.0091, 0.0149, 0.7400, 0.6999
0.5000, 0.4000, 0.3000, 0.8000, 61.0000, 73.0000, 0.0000, 0.0000, 1.0000, 0.0091, 0.0163, 0.6928, 2.4765
0.5000, 0.4000, 0.3000, 0.8000, 61.0000, 73.0000, 0.0000, 0.0000, 1.0000, 0.0091, 0.0163, 0.6928, 2.4765
0.5000, 0.4000, 0.3000, 0.8000, 61.0000, 73.0000, 0.0000, 0.0000, 1.0000, 0.0091, 0.0163, 0.6928, 2.4765
0.5000, 0.4000, 0.3000, 0.8000, 61.0000, 73.0000, 0.0000, 0.0000, 1.0000, 0.0091, 0.0163, 0.6928, 2.4765
0.5000, 0.4000, 0.3000, 0.8000, 61.0000, 73.0000, 0.0000, 0.0000, 1.0000, 0.0091, 0.0163, 0.6928, 2.4765
0.5000, 0.4000, 0.3000, 0.8000, 61.0000, 73.0000, 0.0000, 0.0000, 1.0000, 0.0091, 0.0163, 0.6928, 2.4765
0.5000, 0.4000, 0.3000, 0.8000, 61.0000, 73.0000, 0.0000, 0.0000, 1.0000, 0.0091, 0.0163, 0.6928, 2.4765
0.5000, 0.4000, 0.3000, 0.8000, 61.0000, 73.0000, 0.0000, 0.0000, 1.0000, 0.0091, 0.0163, 0.6928, 2.4765
0.5000, 0.4000, 0.3000, 0.8000, 61.0000, 73.0000, 0.0000, 0.0000, 1.0000, 0.0091, 0.0163, 0.6928, 2.4765
0.5000, 0.4000, 0.3000, 0.8000, 61.0000, 73.0000, 0.0000, 0.0000, 1.0000, 0.0091, 0.0163, 0.6928, 2.4765
0.5000, 0.4000, 0.3000, 0.8000, 61.0000, 73.0000, 0.0000, 0.0000, 1.0000, 0.0091, 0.0163, 0.6928, 2.4765
0.5000, 0.4000, 0.3000, 0.8000, 61.0000, 73.0000, 0.0000, 0.0000, 1.0000, 0.0091, 0.0163, 0.6928, 2.4765
0.5000, 0.4000, 0.3000, 0.8000, 61.0000, 73.0000, 0.0000, 0.0000, 1.0000, 0.0091, 0.0163, 0.6928, 2.4765
0.5000, 0.4000, 0.3000, 0.8000, 61.0000, 73.0000, 0.0000, 0.0000, 1.0000, 0.0091, 0.0163, 0.6928, 2.4765
0.5000, 0.4000, 0.3000, 0.8000, 61.0000, 73.0000, 0.0000, 0.0000, 1.0000, 0.0091, 0.0163, 0.6928, 2.4765
0.5000, 0.4000, 0.3000, 0.8000, 61.0000, 73.0000, 0.0000, 0.0000, 1.0000, 0.0091, 0.0163, 0.6928, 2.4765
0.5000, 0.4000, 0.3000, 0.8000, 61.0000, 73.0000, 0.0000, 0.0000, 1.0000, 0.0091, 0.0163, 0.6928, 2.4765
0.5000, 0.4000, 0.3000, 0.8000, 61.0000, 73.0000, 0.0000, 0.0000, 1.0000, 0.0091, 0.0163, 0.6928, 2.4765
0.5000, 0.4000, 0.3000, 0.8000, 61.0000, 73.0000, 0.0000, 0.0000, 1.0000, 0.0091, 0.0163, 0.6928, 2.4765
0.5000, 0.4000, 0.3000, 0.8000, 61.0000, 73.0000, 0.0000, 0.0000, 1.0000, 0.0091, 0.0163, 0.6928, 2.4765
0.5000, 0.4000, 0.3000, 0.8000, 61.0000, 73.0000, 0.0000, 0.0000, 1.0000, 0.0091, 0.0163, 0.6928, 2.4765
0.5000, 0.4000, 0.3000, 0.8000, 61.0000, 73.0000, 0.0000, 0.0000, 1.0000, 0.0091, 0.0163, 0.6928, 2.4765
0.5000, 0.4000, 0.3000, 0.8000, 61.0000, 73.0000, 0.0000, 0.0000, 1.0000, 0.0091, 0.0163, 0.6928, 2.4765
0.5000, 0.4000, 0.3000, 0.8000, 61.0000, 73.0000, 0.0000, 0.0000, 1.0000, 0.0091, 0.0163, 0.6928, 2.4765
0.5000, 0.4000, 0.3000, 0.8000, 61.0000, 73.0000, 0.0000, 0.0000, 1.0000, 0.0091, 0.0163, 0.6928, 2.4765
0.5000, 0.4000, 0.3000, 0.8000, 61.0000, 73.0000, 0.0000, 0.0000, 1.0000, 0.0091, 0.0163, 0.6928, 2.4765
0.5000, 0.4000, 0.3000, 0.8000, 61.0000, 73.0000, 0.0000, 0.0000, 1.0000, 0.0091, 0.0163, 0.6928, 2.4765
0.5000, 0.4000, 0.3000, 0.8000, 61.0000, 73.0000, 0.0000, 0.0000, 1.0000, 0.0091, 0.0163, 0.6928, 2.4765
0.5000, 0.4000, 0.3000, 0.8000, 61.0000, 73.0000, 0.0000, 0.0000, 1.0000, 0.0091, 0.0163, 0.6928, 2.4765
0.5000, 0.4000, 0.3000, 0.8000, 61.0000, 73.0000, 0.0000, 0.0000, 1.0000, 0.0091, 0.0163, 0.6928, 2.4765
0.5000, 0.4000, 0.3000, 0.8000, 61.0000, 73.0000, 0.0000, 0.0000, 1.0000, 0.0091, 0.0163, 0.6928, 2.4765
0.5000, 0.4000, 0.3000, 0.8000, 61.0000, 73.0000, 0.0000, 0.0000, 1.0000, 0.0091, 0.0163, 0.6928, 2.4765
0.5000, 0.4000, 0.3000, 0.8000, 61.0000, 73.0000, 0.0000, 0.0000, 1.0000, 0.0091, 0.0163, 0.6928, 2.4765
0.5000, 0.4000, 0.3000, 0.8000, 61.0000, 73.0000, 0.0000, 0.0000, 1.0000, 0.0091, 0.0163, 0.6928, 2.4765
0.5000, 0.4000, 0.3000, 0.8000, 61.0000, 73.0000, 0.0000, 0.0000, 1.0000, 0.0091, 0.0163, 0.6928, 2.4765
0.5000, 0.4000, 0.3000, 0.8000, 61.0000, 73.0000, 0.0000, 0.0000, 1.0000, 0.0091, 0.0163, 0.6928, 2.4765
0.5000, 0.4000, 0.3000, 0.8000, 61.0000, 73.0000, 0.0000, 0.0000, 1.0000, 0.0091, 0.0163, 0.6928, 2.4765
0.5000, 0.4000, 0.3000, 0.8000, 61.0000, 73.0000, 0.0000, 0.0000, 1.0000, 0.0091, 0.0163, 0.6928, 2.4765
0.5000, 0.4000, 0.3000, 0.8000, 61.0000, 73.0000, 0.0000, 0.0000, 1.0000, 0.0091, 0.0163, 0.6928, 2.4765
0.5000, 0.4000, 0.3000, 0.8000, 61.0000, 73.0000, 0.0000, 0.0000, 1.0000, 0.0091, 0.0163, 0.6928, 2.4765
0.5000, 0.4000, 0.3000, 0.8000, 61.0000, 73.0000, 0.0000, 0.0000, 1.0000, 0.0091, 0.0163, 0.6928, 2.4765
0.5000, 0.4000, 0.3000, 0.8000, 61.0000, 73.0000, 0.0000, 0.0000, 1.0000, 0.0091, 0.0163, 0.6928, 2.4765
0.5000, 0.4000, 0.3000, 0.8000, 61.0000, 73.0000, 0.0000, 0.0000, 1.0000, 0.0091, 0.0163, 0.6928, 2.4765
0.5000, 0.4000, 0.3000, 0.8000, 61.0000, 73.0000, 0.0000, 0.0000, 1.0000, 0.0091, 0.0163, 0.6928, 2.4765
0.5000, 0.4000, 0.3000, 0.8000, 61.0000, 73.0000, 0.0000, 0.0000, 1.0000, 0.0091, 0.0163, 0.6928, 2.4765
0.5000, 0.4000, 0.3000, 0.8000, 61.0000, 73.0000, 0.0000, 0.0000, 1.0000, 0.0091, 0.0163, 0.6928, 2.4765
0.5000, 0.4000, 0.3000, 0.8000, 61.0000, 73.0000, 0.0000, 0.0000, 1.0000, 0.0091, 0.0163, 0.6928, 2.4765
0.5000, 0.4000, 0.3000, 0.8000, 61.0000, 73.0000, 0.0000, 0.0000, 1.0000, 0.0091, 0.0163, 0.6928, 2.4765
0.5000, 0.4000, 0.3000, 0.8000, 61.0000, 73.0000, 0.0000, 0.0000, 1.0000, 0.0091, 0.0163, 0.6928, 2.4765
0.5000, 0.4000, 0.3000, 0.8000, 61.0000, 73.0000, 0.0000, 0.0000, 1.0000, 0.0091, 0.0163, 0.6928, 2.4765
0.5000, 0.4000, 0.3000, 0.8000, 61.0000, 73.0000, 0.0000, 0.0000, 1.0000, 0.0091, 0.0163, 0.6928, 2.4765
0.5000, 0.4000, 0.3000, 0.8000, 61.0000, 73.0000, 0.0000, 0.0000, 1.0000, 0.0091, 0.0163, 0.6928, 2.4765
0.5000, 0.4000, 0.3000, 0.8000, 61.0000, 73.0000, 0.0000, 0.0000, 1.0000, 0.0091, 0.0163, 0.6928, 2.4765
0.5000, 0.4000, 0.3000, 0.8000, 61.0000, 73.0000, 0.0000, 0.0000, 1.0000, 0.0091, 0.0163, 0.6928, 2.4765
0.5000, 0.4000, 0.3000, 0.8000, 61.0000, 73.0000, 0.0000, 0.0000, 1.0000, 0.0091, 0.0163, 0.6928, 2.4765
0.5000, 0.4000, 0.3000, 0.8000, 61.0000, 73.0000, 0.0000, 0.0000, 1.0000, 0.0091, 0.0163, 0.6928, 2.4765
0.5000, 0.4000, 0.3000, 0.8000, 61.0000, 73.0000, 0.0000, 0.0000, 1.0000, 0.0091, 0.0163, 0.6928, 2.4765
0.5000, 0.4000, 0.3000, 0.8000, 61.0000, 73.0000, 0.0000, 0.0000, 1.0000, 0.0091, 0.0163, 0.6928, 2.4765
0.5000, 0.4000, 0.3000, 0.8000, 61.0000, 73.0000, 0.0000, 0.0000, 1.0000, 0.0091, 0.0163, 0.6928, 2.4765
0.5000, 0.4000, 0.3000, 0.8000, 61.0000, 73.0000, 0.0000, 0.0000, 1.0000, 0.0091, 0.0163, 0.6928, 2.4765
0.5000, 0.4000, 0.3000, 0.8000, 61.0000, 73.0000, 0.0000, 0.0000, 1.0000, 0.0091, 0.0163, 0.6928, 2.4765
0.5000, 0.4000, 0.3000, 0.8000, 61.0000, 73.0000, 0.0000, 0.0000, 1.0000, 0.0091, 0.0163, 0.6928, 2.4765
0.5000, 0.4000, 0.3000, 0.8000, 61.0000, 73.0000, 0.0000, 0.0000, 1.0000, 0.0091, 0.0163, 0.6928, 2.4765
0.5000, 0.4000, 0.3000, 0.8000, 61.0000, 73.0000, 0.0000, 0.0000, 1.0000, 0.0091, 0.0163, 0.6928, 2.4765
0.5000, 0.4000, 0.3000, 0.8000, 61.0000, 73.0000, 0.0000, 0.0000, 1.0000, 0.0091, 0.0163, 0.6928, 2.4765
0.5000, 0.4000, 0.3000, 0.8000, 61.0000, 73.0000, 0.0000, 0.0000, 1.0000, 0.0091, 0.0163, 0.6928, 2.4765
0.5000, 0.4000, 0.3000, 0.8000, 61.0000, 73.0000, 0.0000, 0.0000, 1.0000, 0.0091, 0.0163, 0.6928, 2.4765
0.5000, 0.4000, 0.3000, 0.8000, 61.0000, 73.0000, 0.0000, 0.0000, 1.0000, 0.0091, 0.0163, 0.6928, 2.4765
0.5000, 0.4000, 0.3000, 0.8000, 61.0000, 73.0000, 0.0000, 0.0000, 1.0000, 0.0091, 0.0163, 0.6928, 2.4765
0.5000, 0.4000, 0.3000, 0.8000, 61.0000, 73.0000, 0.0000, 0.0000, 1.0000, 0.0091, 0.0163, 0.6928, 2.4765
0.5000, 0.4000, 0.3000, 0.8000, 61.0000, 73.0000, 0.0000, 0.0000, 1.0000, 0.0091, 0.0163, 0.6928, 2.4765
0.5000, 0.4000, 0.3000, 0.8000, 61.0000, 73.0000, 0.0000, 0.0000, 1.0000, 0.0091, 0.0163, 0.6928, 2.4765
0.5000, 0.4000, 0.3000, 0.8000, 61.0000, 73.0000, 0.0000, 0.0000, 1.0000, 0.0091, 0.0163, 0.6928, 2.4765
0.5000, 0.4000, 0.3000, 0.8000, 61.0000, 73.0000, 0.0000, 0.0000, 1.0000, 0.0091, 0.0163, 0.6928, 2.4765
0.5000, 0.4000, 0.3000, 0.8000, 61.0000, 73.0000, 0.0000, 0.0000, 1.0000, 0.0091, 0.0163, 0.6928, 2.4765
0.5000, 0.4000, 0.3000, 0.8000, 61.0000, 73.0000, 0.0000, 0.0000, 1.0000, 0.0091, 0.0163, 0.6928, 2.4765
0.5000, 0.4000, 0.3000, 0.8000, 61.0000, 73.0000, 0.0000, 0.0000, 1.0000, 0.0091, 0.0163, 0.6928, 2.4765
0.5000, 0.4000, 0.3000, 0.8000, 61.0000, 73.0000, 0.0000, 0.0000, 1.0000, 0.0091, 0.0163, 0.6928, 2.4765
0.5000, 0.4000, 0.3000, 0.8000, 61.0000, 73.0000, 0.0000, 0.0000, 1.0000, 0.0091, 0.0163, 0.6928, 2.4765
0.5000, 0.4000, 0.3000, 0.8000, 61.0000, 73.0000, 0.0000, 0.0000, 1.0000, 0.0091, 0.0163, 0.6928, 2.4765
0.5000, 0.4000, 0.3000, 0.8000, 61.0000, 73.0000, 0.0000, 0.0000, 1.0000, 0.0091, 0.0163, 0.6928, 2.4765
0.5000, 0.4000, 0.3000, 0.8000, 61.0000, 73.0000, 0.0000, 0.0000, 1.0000, 0.0091, 0.0163, 0.6928, 2.4765
0.5000, 0.4000, 0.3000, 0.8000, 61.0000, 73.0000, 0.0000, 0.0000, 1.0000, 0.0091, 0.0163, 0.6928, 2.4765
0.5000, 0.4000, 0.3000, 0.8000, 61.0000, 73.0000, 0.0000, 0.0000, 1.0000, 0.0091, 0.0163, 0.6928, 2.4765
0.5000, 0.4000, 0.3000, 0.8000, 61.0000, 73.0000, 0.0000, 0.0000, 1.0000, 0.0091, 0.0163, 0.6928, 2.4765
0.5000, 0.4000, 0.3000, 0.8000, 61.0000, 73.0000, 0.0000, 0.0000, 1.0000, 0.0091, 0.0163, 0.6928, 2.4765
0.5000, 0.4000, 0.3000, 0.8000, 61.0000, 73.0000, 0.0000, 0.0000, 1.0000, 0.0091, 0.0163, 0.6928, 2.4765
0.5000, 0.4000, 0.3000, 0.8000, 61.0000, 73.0000, 0.0000, 0.0000, 1.0000, 0.0091, 0.0163, 0.6928, 2.4765
0.5000, 0.4000, 0.3000, 0.8000, 61.0000, 73.0000, 0.0000, 0.0000, 1.0000, 0.0091, 0.0163, 0.6928, 2.4765
0.5000, 0.4000, 0.3000, 0.8000, 61.0000, 73.0000, 0.0000, 0.0000, 1.0000, 0.0091, 0.0163, 0.6928, 2.4765
0.5000, 0.4000, 0.3000, 0.8000, 61.0000, 73.0000, 0.0000, 0.0000, 1.0000, 0.0091, 0.0163, 0.6928, 2.4765
0.5000, 0.4000, 0.3000, 0.8000, 61.0000, 73.0000, 0.0000, 0.0000, 1.0000, 0.0091, 0.0163, 0.6928, 2.4765
0.5000, 0.4000, 0.3000, 0.8000, 61.0000, 73.0000, 0.0000, 0.0000, 1.0000, 0.0091, 0.0163, 0.6928, 2.4765
0.5000, 0.4000, 0.3000, 0.8000, 61.0000, 73.0000, 0.0000, 0.0000, 1.0000, 0.0091, 0.0163, 0.6928, 2.4765
0.5000, 0.4000, 0.3000, 0.8000, 61.0000, 73.0000, 0.0000, 0.0000, 1.0000, 0.0091, 0.0163, 0.6928, 2.4765
0.5000, 0.4000, 0.3000, 0.8000, 61.0000, 73.0000, 0.0000, 0.0000, 1.0000, 0.0091, 0.0163, 0.6928, 2.4765
0.5000, 0.4000, 0.3000, 0.8000, 61.0000, 73.0000, 0.0000, 0.0000, 1.0000, 0.0091, 0.0163, 0.6928, 2.4765
0.5000, 0.4000, 0.3000, 0.8000, 61.0000, 73.0000, 0.0000, 0.0000, 1.0000, 0.0091, 0.0163, 0.6928, 2.4765
0.5000, 0.4000, 0.3000, 0.8000, 61.0000, 73.0000, 0.0000, 0.0000, 1.0000, 0.0091, 0.0163, 0.6928, 2.4765
0.5000, 0.4000, 0.3000, 0.8000, 61.0000, 73.0000, 0.0000, 0.0000, 1.0000, 0.0091, 0.0163, 0.6928, 2.4765
0.5000, 0.4000, 0.3000, 0.8000, 61.0000, 73.0000, 0.0000, 0.0000, 1.0000, 0.0091, 0.0163, 0.6928, 2.4765
0.5000, 0.4000, 0.3000, 0.8000, 61.0000, 73.0000, 0.0000, 0.0000, 1.0000, 0.0091, 0.0163, 0.6928, 2.4765
0.5000, 0.4000, 0.3000, 0.8000, 61.0000, 73.0000, 0.0000, 0.0000, 1.0000, 0.0091, 0.0163, 0.6928, 2.4765
0.5000, 0.4000, 0.3000, 0.8000, 61.0000, 73.0000, 0.0000, 0.0000, 1.0000, 0.0091, 0.0163, 0.6928, 2.4765
0.5000, 0.4000, 0.3000, 0.8000, 61.0000, 73.0000, 0.0000, 0.0000, 1.0000, 0.0091, 0.0163, 0.6928, 2.4765
0.5000, 0.4000, 0.3000, 0.8000, 61.0000, 73.0000, 0.0000, 0.0000, 1.0000, 0.0091, 0.0163, 0.6928, 2.4765
0.5000, 0.4000, 0.3000, 0.8000, 61.0000, 73.0000, 0.0000, 0.0000, 1.0000, 0.0091, 0.0163, 0.6928, 2.4765
0.5000, 0.4000, 0.3000, 0.8000, 61.0000, 73.0000, 0.0000, 0.0000, 1.0000, 0.0091, 0.0163, 0.6928, 2.4765
0.5000, 0.4000, 0.3000, 0.8000, 61.0000, 73.0000, 0.0000, 0.0000, 1.0000, 0.0091, 0.0163, 0.6928, 2.4765
0.5000, 0.4000, 0.3000, 0.8000, 61.0000, 73.0000, 0.0000, 0.0000, 1.0000, 0.0091, 0.0163, 0.6928, 2.4765
0.5000, 0.4000, 0.3000, 0.8000, 61.0000, 73.0000, 0.0000, 0.0000, 1.0000, 0.0091, 0.0163, 0.6928, 2.4765
0.5000, 0.4000, 0.3000, 0.8000, 61.0000, 73.0000, 0.0000, 0.0000, 1.0000, 0.0091, 0.0163, 0.6928, 2.4765
0.5000, 0.4000, 0.3000, 0.8000, 61.0000, 73.0000, 0.0000, 0.0000, 1.0000, 0.0091, 0.0163, 0.6928, 2.4765
0.5000, 0.4000, 0.3000, 0.8000, 61.0000, 73.0000, 0.0000, 0.0000, 1.0000, 0.0091, 0.0163, 0.6928, 2.4765
0.5000, 0.4000, 0.3000, 0.8000, 61.0000, 73.0000, 0.0000, 0.0000, 1.0000, 0.0091, 0.0163, 0.6928, 2.4765
0.5000, 0.4000, 0.3000, 0.8000, 61.0000, 73.0000, 0.0000, 0.0000, 1.0000, 0.0091, 0.0163, 0.6928, 2.4765
0.5000, 0.4000, 0.3000, 0.8000, 61.0000, 73.0000, 0.0000, 0.0000, 1.0000, 0.0091, 0.0163, 0.6928, 2.4765
0.5000, 0.4000, 0.3000, 0.8000, 61.0000, 73.0000, 0.0000, 0.0000, 1.0000, 0.0091, 0.0163, 0.6928, 2.4765
0.6000, 0.4000, 0.3000, 0.8000, 61.0000, 73.0000, 0.0000, 0.0000, 1.0000, 0.0091, 0.0163, 0.6922, 2.4598
0.6000, 0.4000, 0.3000, 0.8000, 61.0000, 73.0000, 0.0000, 0.0000, 1.0000, 0.0091, 0.0163, 0.6922, 2.4598
0.6000, 0.4000, 0.3000, 0.8000, 61.0000, 73.0000, 0.0000, 0.0000, 1.0000, 0.0091, 0.0163, 0.6922, 2.4598
0.6000, 0.4000, 0.3000, 0.8000, 61.0000, 73.0000, 0.0000, 0.0000, 1.0000, 0.0091, 0.0163, 0.6922, 2.4598
0.6000, 0.4000, 0.3000, 0.8000, 61.0000, 73.0000, 0.0000, 0.0000, 1.0000, 0.0091, 0.0163, 0.6922, 2.4598
0.6000, 0.4000, 0.3000, 0.8000, 61.0000, 73.0000, 0.0000, 0.0000, 1.0000, 0.0091, 0.0163, 0.6922, 2.4598
0.6000, 0.4000, 0.3000, 0.8000, 61.0000, 73.0000, 0.0000, 0.0000, 1.0000, 0.0091, 0.0163, 0.6922, 2.4598
0.6000, 0.4000, 0.3000, 0.8000, 61.0000, 73.0000, 0.0000, 0.0000, 1.0000, 0.0091, 0.0163, 0.6922, 2.4598
0.6000, 0.4000, 0.3000, 0.8000, 61.0000, 73.0000, 0.0000, 0.0000, 1.0000, 0.0091, 0.0163, 0.6922, 2.4598
0.6000, 0.4000, 0.3000, 0.8000, 61.0000, 73.0000, 0.0000, 0.0000, 1.0000, 0.0091, 0.0163, 0.6922, 2.4598
0.6000, 0.4000, 0.3000, 0.8000, 61.0000, 73.0000, 0.0000, 0.0000, 1.0000, 0.0091, 0.0163, 0.6922, 2.4598
0.6000, 0.4000, 0.3000, 0.8000, 61.0000, 73.0000, 0.0000, 0.0000, 1.0000, 0.0091, 0.0163, 0.6922, 2.4598
0.2000, 0.2000, 0.1000, 0.5000, 62.0000, -1.0000, 0.0000, 0.0000, 1.0000, 0.0114, 0.0099, 0.7486, 20.6420
0.6000, 0.4000, 0.3000, 0.8000, 61.0000, 73.0000, 0.0000, 0.0000, 1.0000, 0.0091, 0.0163, 0.6922, 2.4598
0.6000, 0.4000, 0.3000, 0.8000, 61.0000, 73.0000, 0.0000, 0.0000, 1.0000, 0.0091, 0.0163, 0.6922, 2.4598
0.2000, 0.2000, 0.1000, 0.5000, 62.0000, -1.0000, 0.0000, 0.0000, 1.0000, 0.0114, 0.0099, 0.7486, 20.6420
0.6000, 0.4000, 0.3000, 0.8000, 61.0000, 73.0000, 0.0000, 0.0000, 1.0000, 0.0091, 0.0163, 0.6922, 2.4598
0.2000, 0.2000, 0.1000, 0.5000, 62.0000, -1.0000, 0.0000, 0.0000, 1.0000, 0.0114, 0.0099, 0.7486, 20.6420
0.6000, 0.4000, 0.3000, 0.8000, 61.0000, 73.0000, 0.0000, 0.0000, 1.0000, 0.0091, 0.0163, 0.6922, 2.4598
0.6000, 0.4000, 0.3000, 0.8000, 61.0000, 73.0000, 0.0000, 0.0000, 1.0000, 0.0091, 0.0163, 0.6922, 2.4598
0.2000, 0.2000, 0.1000, 0.5000, 62.0000, -1.0000, 0.0000, 0.0000, 1.0000, 0.0114, 0.0099, 0.7486, 20.6420
0.6000, 0.4000, 0.3000, 0.8000, 61.0000, 73.0000, 0.0000, 0.0000, 1.0000, 0.0091, 0.0163, 0.6922, 2.4598
0.2000, 0.2000, 0.1000, 0.5000, 62.0000, -1.0000, 0.0000, 0.0000, 1.0000, 0.0114, 0.0099, 0.7486, 20.6420
0.6000, 0.4000, 0.3000, 0.8000, 61.0000, 73.0000, 0.0000, 0.0000, 1.0000, 0.0091, 0.0163, 0.6922, 2.4598
0.2000, 0.2000, 0.1000, 0.5000, 62.0000, -1.0000, 0.0000, 0.0000, 1.0000, 0.0114, 0.0099, 0.7486, 20.6420
0.6000, 0.4000, 0.3000, 0.8000, 61.0000, 73.0000, 0.0000, 0.0000, 1.0000, 0.0091, 0.0163, 0.6922, 2.4598
0.6000, 0.4000, 0.3000, 0.8000, 61.0000, 73.0000, 0.0000, 0.0000, 1.0000, 0.0091, 0.0163, 0.6922, 2.4598
0.2000, 0.2000, 0.1000, 0.5000, 62.0000, -1.0000, 0.0000, 0.0000, 1.0000, 0.0114, 0.0099, 0.7486, 20.6420
0.6000, 0.4000, 0.3000, 0.8000, 61.0000, 73.0000, 0.0000, 0.0000, 1.0000, 0.0091, 0.0163, 0.6922, 2.4598
0.2000, 0.2000, 0.1000, 0.5000, 62.0000, -1.0000, 0.0000, 0.0000, 1.0000, 0.0114, 0.0099, 0.7486, 20.6420
0.6000, 0.4000, 0.3000, 0.8000, 61.0000, 73.0000, 0.0000, 0.0000, 1.0000, 0.0091, 0.0163, 0.6922, 2.4598
0.2000, 0.2000, 0.1000, 0.5000, 62.0000, -1.0000, 0.0000, 0.0000, 1.0000, 0.0114, 0.0099, 0.7486, 20.6420
0.6000, 0.4000, 0.3000, 0.8000, 61.0000, 73.0000, 0.0000, 0.0000, 1.0000, 0.0091, 0.0163, 0.6922, 2.4598
0.6000, 0.4000, 0.3000, 0.8000, 61.0000, 73.0000, 0.0000, 0.0000, 1.0000, 0.0091, 0.0163, 0.6922, 2.4598
0.2000, 0.2000, 0.1000, 0.5000, 62.0000, -1.0000, 0.0000, 0.0000, 1.0000, 0.0114, 0.0099, 0.7486, 20.6420
0.6000, 0.5000, 0.4000, 0.9500, 61.0000, 71.0000, 0.0000, 0.0000, 1.0000, 0.0091, 0.0159, 0.7649, 1.6929
0.2000, 0.2000, 0.1000, 0.5000, 62.0000, -1.0000, 0.0000, 0.0000, 1.0000, 0.0114, 0.0099, 0.7486, 20.6420
0.6000, 0.5000, 0.4000, 0.9500, 61.0000, 71.0000, 0.0000, 0.0000, 1.0000, 0.0091, 0.0159, 0.7649, 1.6929
0.6000, 0.5000, 0.4000, 0.9500, 61.0000, 71.0000, 0.0000, 0.0000, 1.0000, 0.0091, 0.0159, 0.7649, 1.6929
0.2000, 0.2000, 0.1000, 0.5000, 62.0000, -1.0000, 0.0000, 0.0000, 1.0000, 0.0114, 0.0099, 0.7486, 20.6420
0.6000, 0.5000, 0.4000, 0.9500, 61.0000, 71.0000, 0.0000, 0.0000, 1.0000, 0.0091, 0.0159, 0.7649, 1.6929
0.2000, 0.2000, 0.1000, 0.5000, 62.0000, -1.0000, 0.0000, 0.0000, 1.0000, 0.0114, 0.0099, 0.7486, 20.6420
0.6000, 0.5000, 0.4000, 0.9500, 61.0000, 71.0000, 0.0000, 0.0000, 1.0000, 0.0091, 0.0159, 0.7649, 1.6929
0.2000, 0.2000, 0.1000, 0.5000, 62.0000, -1.0000, 0.0000, 0.0000, 1.0000, 0.0114, 0.0099, 0.7486, 20.6420
0.6000, 0.5000, 0.4000, 0.9500, 61.0000, 71.0000, 0.0000, 0.0000, 1.0000, 0.0091, 0.0159, 0.7649, 1.6929
0.6000, 0.5000, 0.4000, 0.9500, 61.0000, 71.0000, 0.0000, 0.0000, 1.0000, 0.0091, 0.0159, 0.7649, 1.6929
0.2000, 0.2000, 0.1000, 0.5000, 62.0000, -1.0000, 0.0000, 0.0000, 1.0000, 0.0114, 0.0099, 0.7486, 20.6420
0.6000, 0.5000, 0.4000, 0.9500, 61.0000, 71.0000, 0.0000, 0.0000, 1.0000, 0.0091, 0.0159, 0.7649, 1.6929
0.2000, 0.2000, 0.1000, 0.5000, 62.0000, -1.0000, 0.0000, 0.0000, 1.0000, 0.0114, 0.0099, 0.7486, 20.6420
0.6000, 0.5000, 0.4000, 0.9500, 61.0000, 71.0000, 0.0000, 0.0000, 1.0000, 0.0091, 0.0159, 0.7649, 1.6929
0.6000, 0.5000, 0.4000, 0.9500, 61.0000, 71.0000, 0.0000, 0.0000, 1.0000, 0.0091, 0.0159, 0.7649, 1.6929
0.2000, 0.2000, 0.1000, 0.5000, 62.0000, -1.0000, 0.0000, 0.0000, 1.0000, 0.0114, 0.0099, 0.7486, 20.6420
0.6000, 0.5000, 0.4000, 0.9500, 61.0000, 71.0000, 0.0000, 0.0000, 1.0000, 0.0091, 0.0159, 0.7649, 1.6929
0.2000, 0.2000, 0.1000, 0.5000, 62.0000, -1.0000, 0.0000, 0.0000, 1.0000, 0.0114, 0.0099, 0.7486, 20.6420
0.6000, 0.5000, 0.4000, 0.9500, 61.0000, 71.0000, 0.0000, 0.0000, 1.0000, 0.0091, 0.0159, 0.7649, 1.6929
0.2000, 0.2000, 0.1000, 0.5000, 62.0000, -1.0000, 0.0000, 0.0000, 1.0000, 0.0114, 0.0099, 0.7486, 20.6420
0.6000, 0.5000, 0.4000, 0.9500, 61.0000, 71.0000, 0.0000, 0.0000, 1.0000, 0.0091, 0.0159, 0.7649, 1.6929
0.6000, 0.5000, 0.4000, 0.9500, 61.0000, 71.0000, 0.0000, 0.0000, 1.0000, 0.0091, 0.0159, 0.7649, 1.6929
0.2000, 0.2000, 0.1000, 0.5000, 62.0000, -1.0000, 0.0000, 0.0000, 1.0000, 0.0114, 0.0099, 0.7486, 20.6420
0.6000, 0.5000, 0.4000, 0.9500, 61.0000, 71.0000, 0.0000, 0.0000, 1.0000, 0.0091, 0.0159, 0.7649, 1.6929
0.2000, 0.2000, 0.1000, 0.5000, 62.0000, -1.0000, 0.0000, 0.0000, 1.0000, 0.0114, 0.0099, 0.7486, 20.6420
0.6000, 0.5000, 0.4000, 0.9500, 61.0000, 71.0000, 0.0000, 0.0000, 1.0000, 0.0091, 0.0159, 0.7649, 1.6929
0.6000, 0.5000, 0.4000, 0.9500, 61.0000, 71.0000, 0.0000, 0.0000, 1.0000, 0.0091, 0.0159, 0.7649, 1.6929
0.2000, 0.2000, 0.1000, 0.5000, 62.0000, -1.0000, 0.0000, 0.0000, 1.0000, 0.0114, 0.0099, 0.7486, 20.6420
0.6000, 0.5000, 0.4000, 0.9500, 61.0000, 71.0000, 0.0000, 0.0000, 1.0000, 0.0091, 0.0159, 0.7649, 1.6929
0.2000, 0.2000, 0.1000, 0.5000, 62.0000, -1.0000, 0.0000, 0.0000, 1.0000, 0.0114, 0.0099, 0.7486, 20.6420
0.6000, 0.5000, 0.4000, 0.9500, 61.0000, 71.0000, 0.0000, 0.0000, 1.0000, 0.0091, 0.0159, 0.7649, 1.6929
0.2000, 0.2000, 0.1000, 0.5000, 62.0000, -1.0000, 0.0000, 0.0000, 1.0000, 0.0114, 0.0099, 0.7486, 20.6420
0.6000, 0.5000, 0.4000, 0.9500, 61.0000, 71.0000, 0.0000, 0.0000, 1.0000, 0.0091, 0.0159, 0.7649, 1.6929
0.6000, 0.5000, 0.4000, 0.9500, 61.0000, 71.0000, 0.0000, 0.0000, 1.0000, 0.0091, 0.0159, 0.7649, 1.6929
0.2000, 0.2000, 0.1000, 0.5000, 62.0000, -1.0000, 0.0000, 0.0000, 1.0000, 0.0114, 0.0099, 0.7486, 20.6420
0.6000, 0.5000, 0.4000, 0.9500, 61.0000, 71.0000, 0.0000, 0.0000, 1.0000, 0.0091, 0.0159, 0.7649, 1.6929
0.2000, 0.2000, 0.1000, 0.5000, 62.0000, -1.0000, 0.0000, 0.0000, 1.0000, 0.0114, 0.0099, 0.7486, 20.6420
0.6000, 0.5000, 0.4000, 0.9500, 61.0000, 71.0000, 0.0000, 0.0000, 1.0000, 0.0091, 0.0159, 0.7649, 1.6929
0.6000, 0.5000, 0.4000, 0.9500, 61.0000, 71.0000, 0.0000, 0.0000, 1.0000, 0.0091, 0.0159, 0.7649, 1.6929
0.2000, 0.2000, 0.1000, 0.5000, 62.0000, -1.0000, 0.0000, 0.0000, 1.0000, 0.0114, 0.0099, 0.7486, 20.6420
0.6000, 0.5000, 0.4000, 0.9500, 61.0000, 71.0000, 0.0000, 0.0000, 1.0000, 0.0091, 0.0159, 0.7649, 1.6929
0.2000, 0.2000, 0.1000, 0.5000, 62.0000, -1.0000, 0.0000, 0.0000, 1.0000, 0.0114, 0.0099, 0.7486, 20.6420
0.6000, 0.5000, 0.4000, 0.9500, 61.0000, 71.0000, 0.0000, 0.0000, 1.0000, 0.0091, 0.0159, 0.7649, 1.6929
0.2000, 0.2000, 0.1000, 0.5000, 62.0000, -1.0000, 0.0000, 0.0000, 1.0000, 0.0114, 0.0099, 0.7486, 20.6420
0.6000, 0.5000, 0.4000, 0.9500, 61.0000, 71.0000, 0.0000, 0.0000, 1.0000, 0.0091, 0.0159, 0.7649, 1.6929
0.6000, 0.5000, 0.4000, 0.9500, 61.0000, 71.0000, 0.0000, 0.0000, 1.0000, 0.0091, 0.0159, 0.7649, 1.6929
0.2000, 0.2000, 0.1000, 0.5000, 62.0000, -1.0000, 0.0000, 0.0000, 1.0000, 0.0114, 0.0099, 0.7486, 20.6420
0.6000, 0.5000, 0.4000, 0.9500, 61.0000, 71.0000, 0.0000, 0.0000, 1.0000, 0.0091, 0.0159, 0.7649, 1.6929
0.2000, 0.2000, 0.1000, 0.5000, 62.0000, -1.0000, 0.0000, 0.0000, 1.0000, 0.0114, 0.0099, 0.7486, 20.6420
0.6000, 0.5000, 0.4000, 0.9500, 61.0000, 71.0000, 0.0000, 0.0000, 1.0000, 0.0091, 0.0159, 0.7649, 1.6929
0.6000, 0.5000, 0.4000, 0.9500, 61.0000, 71.0000, 0.0000, 0.0000, 1.0000, 0.0091, 0.0159, 0.7649, 1.6929
0.2000, 0.2000, 0.1000, 0.5000, 62.0000, -1.0000, 0.0000, 0.0000, 1.0000, 0.0114, 0.0099, 0.7486, 20.6420
0.6000, 0.5000, 0.4000, 0.9500, 61.0000, 71.0000, 0.0000, 0.0000, 1.0000, 0.0091, 0.0159, 0.7649, 1.6929
0.2000, 0.2000, 0.1000, 0.5000, 62.0000, -1.0000, 0.0000, 0.0000, 1.0000, 0.0114, 0.0099, 0.7486, 20.6420
0.6000, 0.5000, 0.4000, 0.9500, 61.0000, 71.0000, 0.0000, 0.0000, 1.0000, 0.0091, 0.0159, 0.7649, 1.6929
0.2000, 0.2000, 0.1000, 0.5000, 62.0000, -1.0000, 0.0000, 0.0000, 1.0000, 0.0114, 0.0099, 0.7486, 20.6420
0.6000, 0.5000, 0.4000, 0.9500, 61.0000, 71.0000, 0.0000, 0.0000, 1.0000, 0.0091, 0.0159, 0.7649, 1.6929
0.6000, 0.5000, 0.4000, 0.9500, 61.0000, 71.0000, 0.0000, 0.0000, 1.0000, 0.0091, 0.0159, 0.7649, 1.6929
0.2000, 0.2000, 0.1000, 0.5000, 62.0000, -1.0000, 0.0000, 0.0000, 1.0000, 0.0114, 0.0099, 0.7486, 20.6420
0.6000, 0.5000, 0.4000, 0.9500, 61.0000, 71.0000, 0.0000, 0.0000, 1.0000, 0.0091, 0.0159, 0.7649, 1.6929
0.2000, 0.2000, 0.1000, 0.5000, 62.0000, -1.0000, 0.0000, 0.0000, 1.0000, 0.0114, 0.0099, 0.7486, 20.6420
0.6000, 0.5000, 0.4000, 0.9500, 61.0000, 71.0000, 0.0000, 0.0000, 1.0000, 0.0091, 0.0159, 0.7649, 1.6929
0.6000, 0.5000, 0.4000, 0.9500, 61.0000, 71.0000, 0.0000, 0.0000, 1.0000, 0.0091, 0.0159, 0.7649, 1.6929
0.2000, 0.2000, 0.1000, 0.5000, 62.0000, -1.0000, 0.0000, 0.0000, 1.0000, 0.0114, 0.0099, 0.7486, 20.6420
0.6000, 0.5000, 0.4000, 0.9500, 61.0000, 71.0000, 0.0000, 0.0000, 1.0000, 0.0091, 0.0159, 0.7649, 1.6929
0.2000, 0.2000, 0.1000, 0.5000, 62.0000, -1.0000, 0.0000, 0.0000, 1.0000, 0.0114, 0.0099, 0.7486, 20.6420
0.6000, 0.5000, 0.4000, 0.9500, 61.0000, 71.0000, 0.0000, 0.0000, 1.0000, 0.0091, 0.0159, 0.7649, 1.6929
0.2000, 0.2000, 0.1000, 0.5000, 62.0000, -1.0000, 0.0000, 0.0000, 1.0000, 0.0114, 0.0099, 0.7486, 20.6420
0.6000, 0.5000, 0.4000, 0.9500, 61.0000, 71.0000, 0.0000, 0.0000, 1.0000, 0.0091, 0.0159, 0.7649, 1.6929
0.6000, 0.5000, 0.4000, 0.9500, 61.0000, 71.0000, 0.0000, 0.0000, 1.0000, 0.0091, 0.0159, 0.7649, 1.6929
0.2000, 0.2000, 0.1000, 0.5000, 62.0000, -1.0000, 0.0000, 0.0000, 1.0000, 0.0114, 0.0099, 0.7486, 20.6420
0.6000, 0.5000, 0.4000, 0.9500, 61.0000, 71.0000, 0.0000, 0.0000, 1.0000, 0.0091, 0.0159, 0.7649, 1.6929
0.2000, 0.2000, 0.1000, 0.5000, 62.0000, -1.0000, 0.0000, 0.0000, 1.0000, 0.0114, 0.0099, 0.7486, 20.6420
0.2000, 0.2000, 0.1000, 0.5000, 62.0000, -1.0000, 0.0000, 0.0000, 1.0000, 0.0114, 0.0099, 0.7486, 20.6420
0.2000, 0.2000, 0.1000, 0.5000, 62.0000, -1.0000, 0.0000, 0.0000, 1.0000, 0.0114, 0.0099, 0.7486, 20.6420
0.2000, 0.2000, 0.1000, 0.5000, 62.0000, -1.0000, 0.0000, 0.0000, 1.0000, 0.0114, 0.0099, 0.7486, 20.6420
0.2000, 0.2000, 0.1000, 0.5000, 62.0000, -1.0000, 0.0000, 0.0000, 1.0000, 0.0114, 0.0099, 0.7486, 20.6420
0.2000, 0.2000, 0.1000, 0.5000, 62.0000, -1.0000, 0.0000, 0.0000, 1.0000, 0.0114, 0.0099, 0.7486, 20.6420
0.2000, 0.2000, 0.1000, 0.5000, 62.0000, -1.0000, 0.0000, 0.0000, 1.0000, 0.0114, 0.0099, 0.7486, 20.6420
0.2000, 0.2000, 0.1000, 0.5000, 62.0000, -1.0000, 0.0000, 0.0000, 1.0000, 0.0114, 0.0099, 0.7486, 20.6420
0.2000, 0.2000, 0.1000, 0.5000, 62.0000, -1.0000, 0.0000, 0.0000, 1.0000, 0.0114, 0.0099, 0.7486, 20.6420
0.2000, 0.2000, 0.1000, 0.5000, 62.0000, -1.0000, 0.0000, 0.0000, 1.0000, 0.0114, 0.0099, 0.7486, 20.6420
0.2000, 0.2000, 0.1000, 0.5000, 62.0000, -1.0000, 0.0000, 0.0000, 1.0000, 0.0114, 0.0099, 0.7486, 20.6420
0.2000, 0.2000, 0.1000, 0.5000, 62.0000, -1.0000, 0.0000, 0.0000, 1.0000, 0.0114, 0.0099, 0.7486, 20.6420
0.2000, 0.2000, 0.1000, 0.5000, 62.0000, -1.0000, 0.0000, 0.0000, 1.0000, 0.0114, 0.0099, 0.7486, 20.6420
0.2000, 0.2000, 0.1000, 0.5000, 62.0000, -1.0000, 0.0000, 0.0000, 1.0000, 0.0114, 0.0099, 0.7486, 20.6420
0.2000, 0.2000, 0.1000, 0.5000, 62.0000, -1.0000, 0.0000, 0.0000, 1.0000, 0.0114, 0.0099, 0.7486, 20.6420
0.2000, 0.2000, 0.1000, 0.5000, 62.0000, -1.0000, 0.0000, 0.0000, 1.0000, 0.0114, 0.0099, 0.7486, 20.6420
0.2000, 0.2000, 0.1000, 0.5000, 62.0000, -1.0000, 0.0000, 0.0000, 1.0000, 0.0114, 0.0099, 0.7486, 20.6420
0.2000, 0.2000, 0.1000, 0.5000, 62.0000, -1.0000, 0.0000, 0.0000, 1.0000, 0.0114, 0.0099, 0.7486, 20.6420
0.2000, 0.2000, 0.1000, 0.5000, 62.0000, -1.0000, 0.0000, 0.0000, 1.0000, 0.0114, 0.0099, 0.7486, 20.6420
0.2000, 0.2000, 0.1000, 0.5000, 62.0000, -1.0000, 0.0000, 0.0000, 1.0000, 0.0114, 0.0099, 0.7486, 20.6420
0.2000, 0.2000, 0.1000, 0.5000, 62.0000, -1.0000, 0.0000, 0.0000, 1.0000, 0.0114, 0.0099, 0.7486, 20.6420
0.2000, 0.2000, 0.1000, 0.5000, 62.0000, -1.0000, 0.0000, 0.0000, 1.0000, 0.0114, 0.0099, 0.7486, 20.6420
0.2000, 0.2000, 0.1000, 0.5000, 62.0000, -1.0000, 0.0000, 0.0000, 1.0000, 0.0114, 0.0099, 0.7486, 20.6420
0.2000, 0.2000, 0.1000, 0.5000, 62.0000, -1.0000, 0.0000, 0.0000, 1.0000, 0.0114, 0.0099, 0.7486, 20.6420
0.2000, 0.2000, 0.1000, 0.5000, 62.0000, -1.0000, 0.0000, 0.0000, 1.0000, 0.0114, 0.0099, 0.7486, 20.6420
0.2000, 0.2000, 0.1000, 0.5000, 62.0000, -1.0000, 0.0000, 0.0000, 1.0000, 0.0114, 0.0099, 0.7486, 20.6420
0.2000, 0.2000, 0.1000, 0.5000, 62.0000, -1.0000, 0.0000, 0.0000, 1.0000, 0.0114, 0.0099, 0.7486, 20.6420
0.2000, 0.2000, 0.1000, 0.5000, 62.0000, -1.0000, 0.0000, 0.0000, 1.0000, 0.0114, 0.0099, 0.7486, 20.6420
0.2000, 0.2000, 0.1000, 0.5000, 62.0000, -1.0000, 0.0000, 0.0000, 1.0000, 0.0114, 0.0099, 0.7486, 20.6420
0.2000, 0.2000, 0.1000, 0.5000, 62.0000, -1.0000, 0.0000, 0.0000, 1.0000, 0.0114, 0.0099, 0.7486, 20.6420
0.2000, 0.2000, 0.1000, 0.5000, 62.0000, -1.0000, 0.0000, 0.0000, 1.0000, 0.0114, 0.0099, 0.7486, 20.6420
0.2000, 0.2000, 0.1000, 0.5000, 62.0000, -1.0000, 0.0000, 0.0000, 1.0000, 0.0114, 0.0099, 0.7486, 20.6420
0.2000, 0.2000, 0.1000, 0.5000, 62.0000, -1.0000, 0.0000, 0.0000, 1.0000, 0.0114, 0.0099, 0.7486, 20.6420
0.2000, 0.2000, 0.1000, 0.5000, 62.0000, -1.0000, 0.0000, 0.0000, 1.0000, 0.0114, 0.0099, 0.7486, 20.6420
0.2000, 0.2000, 0.1000, 0.5000, 62.0000, -1.0000, 0.0000, 0.0000, 1.0000, 0.0114, 0.0099, 0.7486, 20.6420
